resource,provenance,product,is_iam,schema_callee,file_path:line
google_folder_access_approval_settings,Generated,accessapproval,false,accessapproval.ResourceAccessApprovalFolderSettings,google-beta/provider/provider_mmv1_resources.go:628
google_organization_access_approval_settings,Generated,accessapproval,false,accessapproval.ResourceAccessApprovalOrganizationSettings,google-beta/provider/provider_mmv1_resources.go:629
google_project_access_approval_settings,Generated,accessapproval,false,accessapproval.ResourceAccessApprovalProjectSettings,google-beta/provider/provider_mmv1_resources.go:630
google_access_context_manager_access_level,Generated,accesscontextmanager,false,accesscontextmanager.ResourceAccessContextManagerAccessLevel,google-beta/provider/provider_mmv1_resources.go:631
google_access_context_manager_access_level_condition,Generated,accesscontextmanager,false,accesscontextmanager.ResourceAccessContextManagerAccessLevelCondition,google-beta/provider/provider_mmv1_resources.go:632
google_access_context_manager_access_levels,Generated,accesscontextmanager,false,accesscontextmanager.ResourceAccessContextManagerAccessLevels,google-beta/provider/provider_mmv1_resources.go:633
google_access_context_manager_access_policy,Generated,accesscontextmanager,false,accesscontextmanager.ResourceAccessContextManagerAccessPolicy,google-beta/provider/provider_mmv1_resources.go:634
google_access_context_manager_access_policy_iam_binding,Generated,accesscontextmanager,true,tpgiamresource.ResourceIamBinding,google-beta/provider/provider_mmv1_resources.go:635
google_access_context_manager_access_policy_iam_member,Generated,accesscontextmanager,true,tpgiamresource.ResourceIamMember,google-beta/provider/provider_mmv1_resources.go:636
google_access_context_manager_access_policy_iam_policy,Generated,accesscontextmanager,true,tpgiamresource.ResourceIamPolicy,google-beta/provider/provider_mmv1_resources.go:637
google_access_context_manager_authorized_orgs_desc,Generated,accesscontextmanager,false,accesscontextmanager.ResourceAccessContextManagerAuthorizedOrgsDesc,google-beta/provider/provider_mmv1_resources.go:638
google_access_context_manager_egress_policy,Generated,accesscontextmanager,false,accesscontextmanager.ResourceAccessContextManagerEgressPolicy,google-beta/provider/provider_mmv1_resources.go:639
google_access_context_manager_gcp_user_access_binding,Generated,accesscontextmanager,false,accesscontextmanager.ResourceAccessContextManagerGcpUserAccessBinding,google-beta/provider/provider_mmv1_resources.go:640
google_access_context_manager_ingress_policy,Generated,accesscontextmanager,false,accesscontextmanager.ResourceAccessContextManagerIngressPolicy,google-beta/provider/provider_mmv1_resources.go:641
google_access_context_manager_service_perimeter,Generated,accesscontextmanager,false,accesscontextmanager.ResourceAccessContextManagerServicePerimeter,google-beta/provider/provider_mmv1_resources.go:642
google_access_context_manager_service_perimeter_dry_run_egress_policy,Generated,accesscontextmanager,false,accesscontextmanager.ResourceAccessContextManagerServicePerimeterDryRunEgressPolicy,google-beta/provider/provider_mmv1_resources.go:643
google_access_context_manager_service_perimeter_dry_run_ingress_policy,Generated,accesscontextmanager,false,accesscontextmanager.ResourceAccessContextManagerServicePerimeterDryRunIngressPolicy,google-beta/provider/provider_mmv1_resources.go:644
google_access_context_manager_service_perimeter_dry_run_resource,Generated,accesscontextmanager,false,accesscontextmanager.ResourceAccessContextManagerServicePerimeterDryRunResource,google-beta/provider/provider_mmv1_resources.go:645
google_access_context_manager_service_perimeter_egress_policy,Generated,accesscontextmanager,false,accesscontextmanager.ResourceAccessContextManagerServicePerimeterEgressPolicy,google-beta/provider/provider_mmv1_resources.go:646
google_access_context_manager_service_perimeter_ingress_policy,Generated,accesscontextmanager,false,accesscontextmanager.ResourceAccessContextManagerServicePerimeterIngressPolicy,google-beta/provider/provider_mmv1_resources.go:647
google_access_context_manager_service_perimeter_resource,Generated,accesscontextmanager,false,accesscontextmanager.ResourceAccessContextManagerServicePerimeterResource,google-beta/provider/provider_mmv1_resources.go:648
google_access_context_manager_service_perimeters,Generated,accesscontextmanager,false,accesscontextmanager.ResourceAccessContextManagerServicePerimeters,google-beta/provider/provider_mmv1_resources.go:649
google_active_directory_domain,Generated,activedirectory,false,activedirectory.ResourceActiveDirectoryDomain,google-beta/provider/provider_mmv1_resources.go:650
google_active_directory_domain_trust,Generated,activedirectory,false,activedirectory.ResourceActiveDirectoryDomainTrust,google-beta/provider/provider_mmv1_resources.go:651
google_active_directory_peering,Generated,activedirectory,false,activedirectory.ResourceActiveDirectoryPeering,google-beta/provider/provider_mmv1_resources.go:652
google_alloydb_backup,Generated,alloydb,false,alloydb.ResourceAlloydbBackup,google-beta/provider/provider_mmv1_resources.go:653
google_alloydb_cluster,Generated,alloydb,false,alloydb.ResourceAlloydbCluster,google-beta/provider/provider_mmv1_resources.go:654
google_alloydb_instance,Generated,alloydb,false,alloydb.ResourceAlloydbInstance,google-beta/provider/provider_mmv1_resources.go:655
google_alloydb_user,Generated,alloydb,false,alloydb.ResourceAlloydbUser,google-beta/provider/provider_mmv1_resources.go:656
google_api_gateway_api,Generated,apigateway,false,apigateway.ResourceApiGatewayApi,google-beta/provider/provider_mmv1_resources.go:657
google_api_gateway_api_iam_binding,Generated,apigateway,true,tpgiamresource.ResourceIamBinding,google-beta/provider/provider_mmv1_resources.go:658
google_api_gateway_api_iam_member,Generated,apigateway,true,tpgiamresource.ResourceIamMember,google-beta/provider/provider_mmv1_resources.go:659
google_api_gateway_api_iam_policy,Generated,apigateway,true,tpgiamresource.ResourceIamPolicy,google-beta/provider/provider_mmv1_resources.go:660
google_api_gateway_api_config,Generated,apigateway,false,apigateway.ResourceApiGatewayApiConfig,google-beta/provider/provider_mmv1_resources.go:661
google_api_gateway_api_config_iam_binding,Generated,apigateway,true,tpgiamresource.ResourceIamBinding,google-beta/provider/provider_mmv1_resources.go:662
google_api_gateway_api_config_iam_member,Generated,apigateway,true,tpgiamresource.ResourceIamMember,google-beta/provider/provider_mmv1_resources.go:663
google_api_gateway_api_config_iam_policy,Generated,apigateway,true,tpgiamresource.ResourceIamPolicy,google-beta/provider/provider_mmv1_resources.go:664
google_api_gateway_gateway,Generated,apigateway,false,apigateway.ResourceApiGatewayGateway,google-beta/provider/provider_mmv1_resources.go:665
google_api_gateway_gateway_iam_binding,Generated,apigateway,true,tpgiamresource.ResourceIamBinding,google-beta/provider/provider_mmv1_resources.go:666
google_api_gateway_gateway_iam_member,Generated,apigateway,true,tpgiamresource.ResourceIamMember,google-beta/provider/provider_mmv1_resources.go:667
google_api_gateway_gateway_iam_policy,Generated,apigateway,true,tpgiamresource.ResourceIamPolicy,google-beta/provider/provider_mmv1_resources.go:668
google_apigee_addons_config,Generated,apigee,false,apigee.ResourceApigeeAddonsConfig,google-beta/provider/provider_mmv1_resources.go:669
google_apigee_api_deployment,Generated,apigee,false,apigee.ResourceApigeeApiDeployment,google-beta/provider/provider_mmv1_resources.go:670
google_apigee_api_product,Generated,apigee,false,apigee.ResourceApigeeApiProduct,google-beta/provider/provider_mmv1_resources.go:671
google_apigee_app_group,Generated,apigee,false,apigee.ResourceApigeeAppGroup,google-beta/provider/provider_mmv1_resources.go:672
google_apigee_control_plane_access,Generated,apigee,false,apigee.ResourceApigeeControlPlaneAccess,google-beta/provider/provider_mmv1_resources.go:673
google_apigee_developer,Generated,apigee,false,apigee.ResourceApigeeDeveloper,google-beta/provider/provider_mmv1_resources.go:674
google_apigee_developer_app,Generated,apigee,false,apigee.ResourceApigeeDeveloperApp,google-beta/provider/provider_mmv1_resources.go:675
google_apigee_dns_zone,Generated,apigee,false,apigee.ResourceApigeeDnsZone,google-beta/provider/provider_mmv1_resources.go:676
google_apigee_endpoint_attachment,Generated,apigee,false,apigee.ResourceApigeeEndpointAttachment,google-beta/provider/provider_mmv1_resources.go:677
google_apigee_env_keystore,Generated,apigee,false,apigee.ResourceApigeeEnvKeystore,google-beta/provider/provider_mmv1_resources.go:678
google_apigee_env_references,Generated,apigee,false,apigee.ResourceApigeeEnvReferences,google-beta/provider/provider_mmv1_resources.go:679
google_apigee_envgroup,Generated,apigee,false,apigee.ResourceApigeeEnvgroup,google-beta/provider/provider_mmv1_resources.go:680
google_apigee_envgroup_attachment,Generated,apigee,false,apigee.ResourceApigeeEnvgroupAttachment,google-beta/provider/provider_mmv1_resources.go:681
google_apigee_environment,Generated,apigee,false,apigee.ResourceApigeeEnvironment,google-beta/provider/provider_mmv1_resources.go:682
google_apigee_environment_iam_binding,Generated,apigee,true,tpgiamresource.ResourceIamBinding,google-beta/provider/provider_mmv1_resources.go:683
google_apigee_environment_iam_member,Generated,apigee,true,tpgiamresource.ResourceIamMember,google-beta/provider/provider_mmv1_resources.go:684
google_apigee_environment_iam_policy,Generated,apigee,true,tpgiamresource.ResourceIamPolicy,google-beta/provider/provider_mmv1_resources.go:685
google_apigee_environment_addons_config,Generated,apigee,false,apigee.ResourceApigeeEnvironmentAddonsConfig,google-beta/provider/provider_mmv1_resources.go:686
google_apigee_environment_api_revision_deployment,Generated,apigee,false,apigee.ResourceApigeeEnvironmentApiRevisionDeployment,google-beta/provider/provider_mmv1_resources.go:687
google_apigee_environment_keyvaluemaps,Generated,apigee,false,apigee.ResourceApigeeEnvironmentKeyvaluemaps,google-beta/provider/provider_mmv1_resources.go:688
google_apigee_environment_keyvaluemaps_entries,Generated,apigee,false,apigee.ResourceApigeeEnvironmentKeyvaluemapsEntries,google-beta/provider/provider_mmv1_resources.go:689
google_apigee_instance,Generated,apigee,false,apigee.ResourceApigeeInstance,google-beta/provider/provider_mmv1_resources.go:690
google_apigee_instance_attachment,Generated,apigee,false,apigee.ResourceApigeeInstanceAttachment,google-beta/provider/provider_mmv1_resources.go:691
google_apigee_keystores_aliases_self_signed_cert,Generated,apigee,false,apigee.ResourceApigeeKeystoresAliasesSelfSignedCert,google-beta/provider/provider_mmv1_resources.go:692
google_apigee_nat_address,Generated,apigee,false,apigee.ResourceApigeeNatAddress,google-beta/provider/provider_mmv1_resources.go:693
google_apigee_organization,Generated,apigee,false,apigee.ResourceApigeeOrganization,google-beta/provider/provider_mmv1_resources.go:694
google_apigee_security_action,Generated,apigee,false,apigee.ResourceApigeeSecurityAction,google-beta/provider/provider_mmv1_resources.go:695
google_apigee_security_monitoring_condition,Generated,apigee,false,apigee.ResourceApigeeSecurityMonitoringCondition,google-beta/provider/provider_mmv1_resources.go:696
google_apigee_security_profile_v2,Generated,apigee,false,apigee.ResourceApigeeSecurityProfileV2,google-beta/provider/provider_mmv1_resources.go:697
google_apigee_sync_authorization,Generated,apigee,false,apigee.ResourceApigeeSyncAuthorization,google-beta/provider/provider_mmv1_resources.go:698
google_apigee_target_server,Generated,apigee,false,apigee.ResourceApigeeTargetServer,google-beta/provider/provider_mmv1_resources.go:699
google_apihub_api_hub_instance,Generated,apihub,false,apihub.ResourceApihubApiHubInstance,google-beta/provider/provider_mmv1_resources.go:700
google_apihub_curation,Generated,apihub,false,apihub.ResourceApihubCuration,google-beta/provider/provider_mmv1_resources.go:701
google_apihub_host_project_registration,Generated,apihub,false,apihub.ResourceApihubHostProjectRegistration,google-beta/provider/provider_mmv1_resources.go:702
google_apihub_plugin,Generated,apihub,false,apihub.ResourceApihubPlugin,google-beta/provider/provider_mmv1_resources.go:703
google_apihub_plugin_instance,Generated,apihub,false,apihub.ResourceApihubPluginInstance,google-beta/provider/provider_mmv1_resources.go:704
google_app_engine_application_url_dispatch_rules,Generated,appengine,false,appengine.ResourceAppEngineApplicationUrlDispatchRules,google-beta/provider/provider_mmv1_resources.go:705
google_app_engine_domain_mapping,Generated,appengine,false,appengine.ResourceAppEngineDomainMapping,google-beta/provider/provider_mmv1_resources.go:706
google_app_engine_firewall_rule,Generated,appengine,false,appengine.ResourceAppEngineFirewallRule,google-beta/provider/provider_mmv1_resources.go:707
google_app_engine_flexible_app_version,Generated,appengine,false,appengine.ResourceAppEngineFlexibleAppVersion,google-beta/provider/provider_mmv1_resources.go:708
google_app_engine_service_network_settings,Generated,appengine,false,appengine.ResourceAppEngineServiceNetworkSettings,google-beta/provider/provider_mmv1_resources.go:709
google_app_engine_service_split_traffic,Generated,appengine,false,appengine.ResourceAppEngineServiceSplitTraffic,google-beta/provider/provider_mmv1_resources.go:710
google_app_engine_standard_app_version,Generated,appengine,false,appengine.ResourceAppEngineStandardAppVersion,google-beta/provider/provider_mmv1_resources.go:711
google_apphub_application,Generated,apphub,false,apphub.ResourceApphubApplication,google-beta/provider/provider_mmv1_resources.go:712
google_apphub_service,Generated,apphub,false,apphub.ResourceApphubService,google-beta/provider/provider_mmv1_resources.go:713
google_apphub_service_project_attachment,Generated,apphub,false,apphub.ResourceApphubServiceProjectAttachment,google-beta/provider/provider_mmv1_resources.go:714
google_apphub_workload,Generated,apphub,false,apphub.ResourceApphubWorkload,google-beta/provider/provider_mmv1_resources.go:715
google_artifact_registry_repository,Generated,artifactregistry,false,artifactregistry.ResourceArtifactRegistryRepository,google-beta/provider/provider_mmv1_resources.go:716
google_artifact_registry_repository_iam_binding,Generated,artifactregistry,true,tpgiamresource.ResourceIamBinding,google-beta/provider/provider_mmv1_resources.go:717
google_artifact_registry_repository_iam_member,Generated,artifactregistry,true,tpgiamresource.ResourceIamMember,google-beta/provider/provider_mmv1_resources.go:718
google_artifact_registry_repository_iam_policy,Generated,artifactregistry,true,tpgiamresource.ResourceIamPolicy,google-beta/provider/provider_mmv1_resources.go:719
google_artifact_registry_vpcsc_config,Generated,artifactregistry,false,artifactregistry.ResourceArtifactRegistryVPCSCConfig,google-beta/provider/provider_mmv1_resources.go:720
google_backup_dr_backup_plan,Generated,backupdr,false,backupdr.ResourceBackupDRBackupPlan,google-beta/provider/provider_mmv1_resources.go:721
google_backup_dr_backup_plan_association,Generated,backupdr,false,backupdr.ResourceBackupDRBackupPlanAssociation,google-beta/provider/provider_mmv1_resources.go:722
google_backup_dr_backup_vault,Generated,backupdr,false,backupdr.ResourceBackupDRBackupVault,google-beta/provider/provider_mmv1_resources.go:723
google_backup_dr_management_server,Generated,backupdr,false,backupdr.ResourceBackupDRManagementServer,google-beta/provider/provider_mmv1_resources.go:724
google_backup_dr_service_config,Generated,backupdr,false,backupdr.ResourceBackupDRServiceConfig,google-beta/provider/provider_mmv1_resources.go:725
google_beyondcorp_app_connection,Generated,beyondcorp,false,beyondcorp.ResourceBeyondcorpAppConnection,google-beta/provider/provider_mmv1_resources.go:726
google_beyondcorp_app_connector,Generated,beyondcorp,false,beyondcorp.ResourceBeyondcorpAppConnector,google-beta/provider/provider_mmv1_resources.go:727
google_beyondcorp_app_gateway,Generated,beyondcorp,false,beyondcorp.ResourceBeyondcorpAppGateway,google-beta/provider/provider_mmv1_resources.go:728
google_beyondcorp_security_gateway,Generated,beyondcorp,false,beyondcorp.ResourceBeyondcorpSecurityGateway,google-beta/provider/provider_mmv1_resources.go:729
google_beyondcorp_security_gateway_iam_binding,Generated,beyondcorp,true,tpgiamresource.ResourceIamBinding,google-beta/provider/provider_mmv1_resources.go:730
google_beyondcorp_security_gateway_iam_member,Generated,beyondcorp,true,tpgiamresource.ResourceIamMember,google-beta/provider/provider_mmv1_resources.go:731
google_beyondcorp_security_gateway_iam_policy,Generated,beyondcorp,true,tpgiamresource.ResourceIamPolicy,google-beta/provider/provider_mmv1_resources.go:732
google_beyondcorp_security_gateway_application,Generated,beyondcorp,false,beyondcorp.ResourceBeyondcorpSecurityGatewayApplication,google-beta/provider/provider_mmv1_resources.go:733
google_beyondcorp_security_gateway_application_iam_binding,Generated,beyondcorp,true,tpgiamresource.ResourceIamBinding,google-beta/provider/provider_mmv1_resources.go:734
google_beyondcorp_security_gateway_application_iam_member,Generated,beyondcorp,true,tpgiamresource.ResourceIamMember,google-beta/provider/provider_mmv1_resources.go:735
google_beyondcorp_security_gateway_application_iam_policy,Generated,beyondcorp,true,tpgiamresource.ResourceIamPolicy,google-beta/provider/provider_mmv1_resources.go:736
google_biglake_catalog,Generated,biglake,false,biglake.ResourceBiglakeCatalog,google-beta/provider/provider_mmv1_resources.go:737
google_biglake_database,Generated,biglake,false,biglake.ResourceBiglakeDatabase,google-beta/provider/provider_mmv1_resources.go:738
google_biglake_table,Generated,biglake,false,biglake.ResourceBiglakeTable,google-beta/provider/provider_mmv1_resources.go:739
google_bigquery_dataset,Generated,bigquery,false,bigquery.ResourceBigQueryDataset,google-beta/provider/provider_mmv1_resources.go:740
google_bigquery_dataset_access,Generated,bigquery,false,bigquery.ResourceBigQueryDatasetAccess,google-beta/provider/provider_mmv1_resources.go:741
google_bigquery_job,Generated,bigquery,false,bigquery.ResourceBigQueryJob,google-beta/provider/provider_mmv1_resources.go:742
google_bigquery_routine,Generated,bigquery,false,bigquery.ResourceBigQueryRoutine,google-beta/provider/provider_mmv1_resources.go:743
google_bigquery_row_access_policy,Generated,bigquery,false,bigquery.ResourceBigQueryRowAccessPolicy,google-beta/provider/provider_mmv1_resources.go:744
google_bigquery_table_iam_binding,Generated,bigquery,true,tpgiamresource.ResourceIamBinding,google-beta/provider/provider_mmv1_resources.go:745
google_bigquery_table_iam_member,Generated,bigquery,true,tpgiamresource.ResourceIamMember,google-beta/provider/provider_mmv1_resources.go:746
google_bigquery_table_iam_policy,Generated,bigquery,true,tpgiamresource.ResourceIamPolicy,google-beta/provider/provider_mmv1_resources.go:747
google_bigquery_analytics_hub_data_exchange,Generated,bigqueryanalyticshub,false,bigqueryanalyticshub.ResourceBigqueryAnalyticsHubDataExchange,google-beta/provider/provider_mmv1_resources.go:748
google_bigquery_analytics_hub_data_exchange_iam_binding,Generated,bigqueryanalyticshub,true,tpgiamresource.ResourceIamBinding,google-beta/provider/provider_mmv1_resources.go:749
google_bigquery_analytics_hub_data_exchange_iam_member,Generated,bigqueryanalyticshub,true,tpgiamresource.ResourceIamMember,google-beta/provider/provider_mmv1_resources.go:750
google_bigquery_analytics_hub_data_exchange_iam_policy,Generated,bigqueryanalyticshub,true,tpgiamresource.ResourceIamPolicy,google-beta/provider/provider_mmv1_resources.go:751
google_bigquery_analytics_hub_data_exchange_subscription,Generated,bigqueryanalyticshub,false,bigqueryanalyticshub.ResourceBigqueryAnalyticsHubDataExchangeSubscription,google-beta/provider/provider_mmv1_resources.go:752
google_bigquery_analytics_hub_listing,Generated,bigqueryanalyticshub,false,bigqueryanalyticshub.ResourceBigqueryAnalyticsHubListing,google-beta/provider/provider_mmv1_resources.go:753
google_bigquery_analytics_hub_listing_iam_binding,Generated,bigqueryanalyticshub,true,tpgiamresource.ResourceIamBinding,google-beta/provider/provider_mmv1_resources.go:754
google_bigquery_analytics_hub_listing_iam_member,Generated,bigqueryanalyticshub,true,tpgiamresource.ResourceIamMember,google-beta/provider/provider_mmv1_resources.go:755
google_bigquery_analytics_hub_listing_iam_policy,Generated,bigqueryanalyticshub,true,tpgiamresource.ResourceIamPolicy,google-beta/provider/provider_mmv1_resources.go:756
google_bigquery_analytics_hub_listing_subscription,Generated,bigqueryanalyticshub,false,bigqueryanalyticshub.ResourceBigqueryAnalyticsHubListingSubscription,google-beta/provider/provider_mmv1_resources.go:757
google_bigquery_connection,Generated,bigqueryconnection,false,bigqueryconnection.ResourceBigqueryConnectionConnection,google-beta/provider/provider_mmv1_resources.go:758
google_bigquery_connection_iam_binding,Generated,bigqueryconnection,true,tpgiamresource.ResourceIamBinding,google-beta/provider/provider_mmv1_resources.go:759
google_bigquery_connection_iam_member,Generated,bigqueryconnection,true,tpgiamresource.ResourceIamMember,google-beta/provider/provider_mmv1_resources.go:760
google_bigquery_connection_iam_policy,Generated,bigqueryconnection,true,tpgiamresource.ResourceIamPolicy,google-beta/provider/provider_mmv1_resources.go:761
google_bigquery_datapolicy_data_policy,Generated,bigquerydatapolicy,false,bigquerydatapolicy.ResourceBigqueryDatapolicyDataPolicy,google-beta/provider/provider_mmv1_resources.go:762
google_bigquery_datapolicy_data_policy_iam_binding,Generated,bigquerydatapolicy,true,tpgiamresource.ResourceIamBinding,google-beta/provider/provider_mmv1_resources.go:763
google_bigquery_datapolicy_data_policy_iam_member,Generated,bigquerydatapolicy,true,tpgiamresource.ResourceIamMember,google-beta/provider/provider_mmv1_resources.go:764
google_bigquery_datapolicy_data_policy_iam_policy,Generated,bigquerydatapolicy,true,tpgiamresource.ResourceIamPolicy,google-beta/provider/provider_mmv1_resources.go:765
google_bigquery_datapolicyv2_data_policy,Generated,bigquerydatapolicyv2,false,bigquerydatapolicyv2.ResourceBigqueryDatapolicyv2DataPolicy,google-beta/provider/provider_mmv1_resources.go:766
google_bigquery_datapolicyv2_data_policy_iam_binding,Generated,bigquerydatapolicyv2,true,tpgiamresource.ResourceIamBinding,google-beta/provider/provider_mmv1_resources.go:767
google_bigquery_datapolicyv2_data_policy_iam_member,Generated,bigquerydatapolicyv2,true,tpgiamresource.ResourceIamMember,google-beta/provider/provider_mmv1_resources.go:768
google_bigquery_datapolicyv2_data_policy_iam_policy,Generated,bigquerydatapolicyv2,true,tpgiamresource.ResourceIamPolicy,google-beta/provider/provider_mmv1_resources.go:769
google_bigquery_data_transfer_config,Generated,bigquerydatatransfer,false,bigquerydatatransfer.ResourceBigqueryDataTransferConfig,google-beta/provider/provider_mmv1_resources.go:770
google_bigquery_bi_reservation,Generated,bigqueryreservation,false,bigqueryreservation.ResourceBigqueryReservationBiReservation,google-beta/provider/provider_mmv1_resources.go:771
google_bigquery_capacity_commitment,Generated,bigqueryreservation,false,bigqueryreservation.ResourceBigqueryReservationCapacityCommitment,google-beta/provider/provider_mmv1_resources.go:772
google_bigquery_reservation,Generated,bigqueryreservation,false,bigqueryreservation.ResourceBigqueryReservationReservation,google-beta/provider/provider_mmv1_resources.go:773
google_bigquery_reservation_assignment,Generated,bigqueryreservation,false,bigqueryreservation.ResourceBigqueryReservationReservationAssignment,google-beta/provider/provider_mmv1_resources.go:774
google_bigtable_app_profile,Generated,bigtable,false,bigtable.ResourceBigtableAppProfile,google-beta/provider/provider_mmv1_resources.go:775
google_bigtable_logical_view,Generated,bigtable,false,bigtable.ResourceBigtableLogicalView,google-beta/provider/provider_mmv1_resources.go:776
google_bigtable_materialized_view,Generated,bigtable,false,bigtable.ResourceBigtableMaterializedView,google-beta/provider/provider_mmv1_resources.go:777
google_bigtable_schema_bundle,Generated,bigtable,false,bigtable.ResourceBigtableSchemaBundle,google-beta/provider/provider_mmv1_resources.go:778
google_billing_budget,Generated,billing,false,billing.ResourceBillingBudget,google-beta/provider/provider_mmv1_resources.go:779
google_binary_authorization_attestor,Generated,binaryauthorization,false,binaryauthorization.ResourceBinaryAuthorizationAttestor,google-beta/provider/provider_mmv1_resources.go:780
google_binary_authorization_attestor_iam_binding,Generated,binaryauthorization,true,tpgiamresource.ResourceIamBinding,google-beta/provider/provider_mmv1_resources.go:781
google_binary_authorization_attestor_iam_member,Generated,binaryauthorization,true,tpgiamresource.ResourceIamMember,google-beta/provider/provider_mmv1_resources.go:782
google_binary_authorization_attestor_iam_policy,Generated,binaryauthorization,true,tpgiamresource.ResourceIamPolicy,google-beta/provider/provider_mmv1_resources.go:783
google_binary_authorization_policy,Generated,binaryauthorization,false,binaryauthorization.ResourceBinaryAuthorizationPolicy,google-beta/provider/provider_mmv1_resources.go:784
google_blockchain_node_engine_blockchain_nodes,Generated,blockchainnodeengine,false,blockchainnodeengine.ResourceBlockchainNodeEngineBlockchainNodes,google-beta/provider/provider_mmv1_resources.go:785
google_certificate_manager_certificate,Generated,certificatemanager,false,certificatemanager.ResourceCertificateManagerCertificate,google-beta/provider/provider_mmv1_resources.go:786
google_certificate_manager_certificate_issuance_config,Generated,certificatemanager,false,certificatemanager.ResourceCertificateManagerCertificateIssuanceConfig,google-beta/provider/provider_mmv1_resources.go:787
google_certificate_manager_certificate_map,Generated,certificatemanager,false,certificatemanager.ResourceCertificateManagerCertificateMap,google-beta/provider/provider_mmv1_resources.go:788
google_certificate_manager_certificate_map_entry,Generated,certificatemanager,false,certificatemanager.ResourceCertificateManagerCertificateMapEntry,google-beta/provider/provider_mmv1_resources.go:789
google_certificate_manager_dns_authorization,Generated,certificatemanager,false,certificatemanager.ResourceCertificateManagerDnsAuthorization,google-beta/provider/provider_mmv1_resources.go:790
google_certificate_manager_trust_config,Generated,certificatemanager,false,certificatemanager.ResourceCertificateManagerTrustConfig,google-beta/provider/provider_mmv1_resources.go:791
google_ces_app,Generated,ces,false,ces.ResourceCESApp,google-beta/provider/provider_mmv1_resources.go:792
google_ces_toolset,Generated,ces,false,ces.ResourceCESToolset,google-beta/provider/provider_mmv1_resources.go:793
google_chronicle_data_access_label,Generated,chronicle,false,chronicle.ResourceChronicleDataAccessLabel,google-beta/provider/provider_mmv1_resources.go:794
google_chronicle_data_access_scope,Generated,chronicle,false,chronicle.ResourceChronicleDataAccessScope,google-beta/provider/provider_mmv1_resources.go:795
google_chronicle_reference_list,Generated,chronicle,false,chronicle.ResourceChronicleReferenceList,google-beta/provider/provider_mmv1_resources.go:796
google_chronicle_retrohunt,Generated,chronicle,false,chronicle.ResourceChronicleRetrohunt,google-beta/provider/provider_mmv1_resources.go:797
google_chronicle_rule,Generated,chronicle,false,chronicle.ResourceChronicleRule,google-beta/provider/provider_mmv1_resources.go:798
google_chronicle_rule_deployment,Generated,chronicle,false,chronicle.ResourceChronicleRuleDeployment,google-beta/provider/provider_mmv1_resources.go:799
google_chronicle_watchlist,Generated,chronicle,false,chronicle.ResourceChronicleWatchlist,google-beta/provider/provider_mmv1_resources.go:800
google_cloud_asset_folder_feed,Generated,cloudasset,false,cloudasset.ResourceCloudAssetFolderFeed,google-beta/provider/provider_mmv1_resources.go:801
google_cloud_asset_organization_feed,Generated,cloudasset,false,cloudasset.ResourceCloudAssetOrganizationFeed,google-beta/provider/provider_mmv1_resources.go:802
google_cloud_asset_project_feed,Generated,cloudasset,false,cloudasset.ResourceCloudAssetProjectFeed,google-beta/provider/provider_mmv1_resources.go:803
google_cloudbuild_bitbucket_server_config,Generated,cloudbuild,false,cloudbuild.ResourceCloudBuildBitbucketServerConfig,google-beta/provider/provider_mmv1_resources.go:804
google_cloudbuild_trigger,Generated,cloudbuild,false,cloudbuild.ResourceCloudBuildTrigger,google-beta/provider/provider_mmv1_resources.go:805
google_cloudbuildv2_connection,Generated,cloudbuildv2,false,cloudbuildv2.ResourceCloudbuildv2Connection,google-beta/provider/provider_mmv1_resources.go:806
google_cloudbuildv2_connection_iam_binding,Generated,cloudbuildv2,true,tpgiamresource.ResourceIamBinding,google-beta/provider/provider_mmv1_resources.go:807
google_cloudbuildv2_connection_iam_member,Generated,cloudbuildv2,true,tpgiamresource.ResourceIamMember,google-beta/provider/provider_mmv1_resources.go:808
google_cloudbuildv2_connection_iam_policy,Generated,cloudbuildv2,true,tpgiamresource.ResourceIamPolicy,google-beta/provider/provider_mmv1_resources.go:809
google_cloudbuildv2_repository,Generated,cloudbuildv2,false,cloudbuildv2.ResourceCloudbuildv2Repository,google-beta/provider/provider_mmv1_resources.go:810
google_clouddeploy_automation,Generated,clouddeploy,false,clouddeploy.ResourceClouddeployAutomation,google-beta/provider/provider_mmv1_resources.go:811
google_clouddeploy_custom_target_type,Generated,clouddeploy,false,clouddeploy.ResourceClouddeployCustomTargetType,google-beta/provider/provider_mmv1_resources.go:812
google_clouddeploy_custom_target_type_iam_binding,Generated,clouddeploy,true,tpgiamresource.ResourceIamBinding,google-beta/provider/provider_mmv1_resources.go:813
google_clouddeploy_custom_target_type_iam_member,Generated,clouddeploy,true,tpgiamresource.ResourceIamMember,google-beta/provider/provider_mmv1_resources.go:814
google_clouddeploy_custom_target_type_iam_policy,Generated,clouddeploy,true,tpgiamresource.ResourceIamPolicy,google-beta/provider/provider_mmv1_resources.go:815
google_clouddeploy_delivery_pipeline_iam_binding,Generated,clouddeploy,true,tpgiamresource.ResourceIamBinding,google-beta/provider/provider_mmv1_resources.go:816
google_clouddeploy_delivery_pipeline_iam_member,Generated,clouddeploy,true,tpgiamresource.ResourceIamMember,google-beta/provider/provider_mmv1_resources.go:817
google_clouddeploy_delivery_pipeline_iam_policy,Generated,clouddeploy,true,tpgiamresource.ResourceIamPolicy,google-beta/provider/provider_mmv1_resources.go:818
google_clouddeploy_deploy_policy,Generated,clouddeploy,false,clouddeploy.ResourceClouddeployDeployPolicy,google-beta/provider/provider_mmv1_resources.go:819
google_clouddeploy_target_iam_binding,Generated,clouddeploy,true,tpgiamresource.ResourceIamBinding,google-beta/provider/provider_mmv1_resources.go:820
google_clouddeploy_target_iam_member,Generated,clouddeploy,true,tpgiamresource.ResourceIamMember,google-beta/provider/provider_mmv1_resources.go:821
google_clouddeploy_target_iam_policy,Generated,clouddeploy,true,tpgiamresource.ResourceIamPolicy,google-beta/provider/provider_mmv1_resources.go:822
google_clouddomains_registration,Generated,clouddomains,false,clouddomains.ResourceClouddomainsRegistration,google-beta/provider/provider_mmv1_resources.go:823
google_cloudfunctions_function_iam_binding,Generated,cloudfunctions,true,tpgiamresource.ResourceIamBinding,google-beta/provider/provider_mmv1_resources.go:824
google_cloudfunctions_function_iam_member,Generated,cloudfunctions,true,tpgiamresource.ResourceIamMember,google-beta/provider/provider_mmv1_resources.go:825
google_cloudfunctions_function_iam_policy,Generated,cloudfunctions,true,tpgiamresource.ResourceIamPolicy,google-beta/provider/provider_mmv1_resources.go:826
google_cloudfunctions2_function,Generated,cloudfunctions2,false,cloudfunctions2.ResourceCloudfunctions2function,google-beta/provider/provider_mmv1_resources.go:827
google_cloudfunctions2_function_iam_binding,Generated,cloudfunctions2,true,tpgiamresource.ResourceIamBinding,google-beta/provider/provider_mmv1_resources.go:828
google_cloudfunctions2_function_iam_member,Generated,cloudfunctions2,true,tpgiamresource.ResourceIamMember,google-beta/provider/provider_mmv1_resources.go:829
google_cloudfunctions2_function_iam_policy,Generated,cloudfunctions2,true,tpgiamresource.ResourceIamPolicy,google-beta/provider/provider_mmv1_resources.go:830
google_cloud_identity_group,Generated,cloudidentity,false,cloudidentity.ResourceCloudIdentityGroup,google-beta/provider/provider_mmv1_resources.go:831
google_cloud_identity_group_membership,Generated,cloudidentity,false,cloudidentity.ResourceCloudIdentityGroupMembership,google-beta/provider/provider_mmv1_resources.go:832
google_cloud_ids_endpoint,Generated,cloudids,false,cloudids.ResourceCloudIdsEndpoint,google-beta/provider/provider_mmv1_resources.go:833
google_cloud_quotas_quota_adjuster_settings,Generated,cloudquotas,false,cloudquotas.ResourceCloudQuotasQuotaAdjusterSettings,google-beta/provider/provider_mmv1_resources.go:834
google_cloud_quotas_quota_preference,Generated,cloudquotas,false,cloudquotas.ResourceCloudQuotasQuotaPreference,google-beta/provider/provider_mmv1_resources.go:835
google_cloud_run_domain_mapping,Generated,cloudrun,false,cloudrun.ResourceCloudRunDomainMapping,google-beta/provider/provider_mmv1_resources.go:836
google_cloud_run_service,Generated,cloudrun,false,cloudrun.ResourceCloudRunService,google-beta/provider/provider_mmv1_resources.go:837
google_cloud_run_service_iam_binding,Generated,cloudrun,true,tpgiamresource.ResourceIamBinding,google-beta/provider/provider_mmv1_resources.go:838
google_cloud_run_service_iam_member,Generated,cloudrun,true,tpgiamresource.ResourceIamMember,google-beta/provider/provider_mmv1_resources.go:839
google_cloud_run_service_iam_policy,Generated,cloudrun,true,tpgiamresource.ResourceIamPolicy,google-beta/provider/provider_mmv1_resources.go:840
google_cloud_run_v2_job,Generated,cloudrunv2,false,cloudrunv2.ResourceCloudRunV2Job,google-beta/provider/provider_mmv1_resources.go:841
google_cloud_run_v2_job_iam_binding,Generated,cloudrunv2,true,tpgiamresource.ResourceIamBinding,google-beta/provider/provider_mmv1_resources.go:842
google_cloud_run_v2_job_iam_member,Generated,cloudrunv2,true,tpgiamresource.ResourceIamMember,google-beta/provider/provider_mmv1_resources.go:843
google_cloud_run_v2_job_iam_policy,Generated,cloudrunv2,true,tpgiamresource.ResourceIamPolicy,google-beta/provider/provider_mmv1_resources.go:844
google_cloud_run_v2_service,Generated,cloudrunv2,false,cloudrunv2.ResourceCloudRunV2Service,google-beta/provider/provider_mmv1_resources.go:845
google_cloud_run_v2_service_iam_binding,Generated,cloudrunv2,true,tpgiamresource.ResourceIamBinding,google-beta/provider/provider_mmv1_resources.go:846
google_cloud_run_v2_service_iam_member,Generated,cloudrunv2,true,tpgiamresource.ResourceIamMember,google-beta/provider/provider_mmv1_resources.go:847
google_cloud_run_v2_service_iam_policy,Generated,cloudrunv2,true,tpgiamresource.ResourceIamPolicy,google-beta/provider/provider_mmv1_resources.go:848
google_cloud_run_v2_worker_pool,Generated,cloudrunv2,false,cloudrunv2.ResourceCloudRunV2WorkerPool,google-beta/provider/provider_mmv1_resources.go:849
google_cloud_run_v2_worker_pool_iam_binding,Generated,cloudrunv2,true,tpgiamresource.ResourceIamBinding,google-beta/provider/provider_mmv1_resources.go:850
google_cloud_run_v2_worker_pool_iam_member,Generated,cloudrunv2,true,tpgiamresource.ResourceIamMember,google-beta/provider/provider_mmv1_resources.go:851
google_cloud_run_v2_worker_pool_iam_policy,Generated,cloudrunv2,true,tpgiamresource.ResourceIamPolicy,google-beta/provider/provider_mmv1_resources.go:852
google_cloud_scheduler_job,Generated,cloudscheduler,false,cloudscheduler.ResourceCloudSchedulerJob,google-beta/provider/provider_mmv1_resources.go:853
google_cloud_tasks_queue,Generated,cloudtasks,false,cloudtasks.ResourceCloudTasksQueue,google-beta/provider/provider_mmv1_resources.go:854
google_cloud_tasks_queue_iam_binding,Generated,cloudtasks,true,tpgiamresource.ResourceIamBinding,google-beta/provider/provider_mmv1_resources.go:855
google_cloud_tasks_queue_iam_member,Generated,cloudtasks,true,tpgiamresource.ResourceIamMember,google-beta/provider/provider_mmv1_resources.go:856
google_cloud_tasks_queue_iam_policy,Generated,cloudtasks,true,tpgiamresource.ResourceIamPolicy,google-beta/provider/provider_mmv1_resources.go:857
google_colab_notebook_execution,Generated,colab,false,colab.ResourceColabNotebookExecution,google-beta/provider/provider_mmv1_resources.go:858
google_colab_runtime,Generated,colab,false,colab.ResourceColabRuntime,google-beta/provider/provider_mmv1_resources.go:859
google_colab_runtime_template,Generated,colab,false,colab.ResourceColabRuntimeTemplate,google-beta/provider/provider_mmv1_resources.go:860
google_colab_runtime_template_iam_binding,Generated,colab,true,tpgiamresource.ResourceIamBinding,google-beta/provider/provider_mmv1_resources.go:861
google_colab_runtime_template_iam_member,Generated,colab,true,tpgiamresource.ResourceIamMember,google-beta/provider/provider_mmv1_resources.go:862
google_colab_runtime_template_iam_policy,Generated,colab,true,tpgiamresource.ResourceIamPolicy,google-beta/provider/provider_mmv1_resources.go:863
google_colab_schedule,Generated,colab,false,colab.ResourceColabSchedule,google-beta/provider/provider_mmv1_resources.go:864
google_composer_user_workloads_config_map,Generated,composer,false,composer.ResourceComposerUserWorkloadsConfigMap,google-beta/provider/provider_mmv1_resources.go:865
google_compute_address,Generated,compute,false,compute.ResourceComputeAddress,google-beta/provider/provider_mmv1_resources.go:866
google_compute_autoscaler,Generated,compute,false,compute.ResourceComputeAutoscaler,google-beta/provider/provider_mmv1_resources.go:867
google_compute_backend_bucket,Generated,compute,false,compute.ResourceComputeBackendBucket,google-beta/provider/provider_mmv1_resources.go:868
google_compute_backend_bucket_iam_binding,Generated,compute,true,tpgiamresource.ResourceIamBinding,google-beta/provider/provider_mmv1_resources.go:869
google_compute_backend_bucket_iam_member,Generated,compute,true,tpgiamresource.ResourceIamMember,google-beta/provider/provider_mmv1_resources.go:870
google_compute_backend_bucket_iam_policy,Generated,compute,true,tpgiamresource.ResourceIamPolicy,google-beta/provider/provider_mmv1_resources.go:871
google_compute_backend_bucket_signed_url_key,Generated,compute,false,compute.ResourceComputeBackendBucketSignedUrlKey,google-beta/provider/provider_mmv1_resources.go:872
google_compute_backend_service,Generated,compute,false,compute.ResourceComputeBackendService,google-beta/provider/provider_mmv1_resources.go:873
google_compute_backend_service_iam_binding,Generated,compute,true,tpgiamresource.ResourceIamBinding,google-beta/provider/provider_mmv1_resources.go:874
google_compute_backend_service_iam_member,Generated,compute,true,tpgiamresource.ResourceIamMember,google-beta/provider/provider_mmv1_resources.go:875
google_compute_backend_service_iam_policy,Generated,compute,true,tpgiamresource.ResourceIamPolicy,google-beta/provider/provider_mmv1_resources.go:876
google_compute_backend_service_signed_url_key,Generated,compute,false,compute.ResourceComputeBackendServiceSignedUrlKey,google-beta/provider/provider_mmv1_resources.go:877
google_compute_cross_site_network,Generated,compute,false,compute.ResourceComputeCrossSiteNetwork,google-beta/provider/provider_mmv1_resources.go:878
google_compute_disk,Generated,compute,false,compute.ResourceComputeDisk,google-beta/provider/provider_mmv1_resources.go:879
google_compute_disk_iam_binding,Generated,compute,true,tpgiamresource.ResourceIamBinding,google-beta/provider/provider_mmv1_resources.go:880
google_compute_disk_iam_member,Generated,compute,true,tpgiamresource.ResourceIamMember,google-beta/provider/provider_mmv1_resources.go:881
google_compute_disk_iam_policy,Generated,compute,true,tpgiamresource.ResourceIamPolicy,google-beta/provider/provider_mmv1_resources.go:882
google_compute_disk_resource_policy_attachment,Generated,compute,false,compute.ResourceComputeDiskResourcePolicyAttachment,google-beta/provider/provider_mmv1_resources.go:883
google_compute_external_vpn_gateway,Generated,compute,false,compute.ResourceComputeExternalVpnGateway,google-beta/provider/provider_mmv1_resources.go:884
google_compute_firewall,Generated,compute,false,compute.ResourceComputeFirewall,google-beta/provider/provider_mmv1_resources.go:885
google_compute_firewall_policy,Generated,compute,false,compute.ResourceComputeFirewallPolicy,google-beta/provider/provider_mmv1_resources.go:886
google_compute_firewall_policy_association,Generated,compute,false,compute.ResourceComputeFirewallPolicyAssociation,google-beta/provider/provider_mmv1_resources.go:887
google_compute_firewall_policy_rule,Generated,compute,false,compute.ResourceComputeFirewallPolicyRule,google-beta/provider/provider_mmv1_resources.go:888
google_compute_firewall_policy_with_rules,Generated,compute,false,compute.ResourceComputeFirewallPolicyWithRules,google-beta/provider/provider_mmv1_resources.go:889
google_compute_forwarding_rule,Generated,compute,false,compute.ResourceComputeForwardingRule,google-beta/provider/provider_mmv1_resources.go:890
google_compute_future_reservation,Generated,compute,false,compute.ResourceComputeFutureReservation,google-beta/provider/provider_mmv1_resources.go:891
google_compute_global_address,Generated,compute,false,compute.ResourceComputeGlobalAddress,google-beta/provider/provider_mmv1_resources.go:892
google_compute_global_forwarding_rule,Generated,compute,false,compute.ResourceComputeGlobalForwardingRule,google-beta/provider/provider_mmv1_resources.go:893
google_compute_global_network_endpoint,Generated,compute,false,compute.ResourceComputeGlobalNetworkEndpoint,google-beta/provider/provider_mmv1_resources.go:894
google_compute_global_network_endpoint_group,Generated,compute,false,compute.ResourceComputeGlobalNetworkEndpointGroup,google-beta/provider/provider_mmv1_resources.go:895
google_compute_ha_vpn_gateway,Generated,compute,false,compute.ResourceComputeHaVpnGateway,google-beta/provider/provider_mmv1_resources.go:896
google_compute_health_check,Generated,compute,false,compute.ResourceComputeHealthCheck,google-beta/provider/provider_mmv1_resources.go:897
google_compute_http_health_check,Generated,compute,false,compute.ResourceComputeHttpHealthCheck,google-beta/provider/provider_mmv1_resources.go:898
google_compute_https_health_check,Generated,compute,false,compute.ResourceComputeHttpsHealthCheck,google-beta/provider/provider_mmv1_resources.go:899
google_compute_image,Generated,compute,false,compute.ResourceComputeImage,google-beta/provider/provider_mmv1_resources.go:900
google_compute_image_iam_binding,Generated,compute,true,tpgiamresource.ResourceIamBinding,google-beta/provider/provider_mmv1_resources.go:901
google_compute_image_iam_member,Generated,compute,true,tpgiamresource.ResourceIamMember,google-beta/provider/provider_mmv1_resources.go:902
google_compute_image_iam_policy,Generated,compute,true,tpgiamresource.ResourceIamPolicy,google-beta/provider/provider_mmv1_resources.go:903
google_compute_instance_iam_binding,Generated,compute,true,tpgiamresource.ResourceIamBinding,google-beta/provider/provider_mmv1_resources.go:904
google_compute_instance_iam_member,Generated,compute,true,tpgiamresource.ResourceIamMember,google-beta/provider/provider_mmv1_resources.go:905
google_compute_instance_iam_policy,Generated,compute,true,tpgiamresource.ResourceIamPolicy,google-beta/provider/provider_mmv1_resources.go:906
google_compute_instance_group_membership,Generated,compute,false,compute.ResourceComputeInstanceGroupMembership,google-beta/provider/provider_mmv1_resources.go:907
google_compute_instance_group_named_port,Generated,compute,false,compute.ResourceComputeInstanceGroupNamedPort,google-beta/provider/provider_mmv1_resources.go:908
google_compute_instance_settings,Generated,compute,false,compute.ResourceComputeInstanceSettings,google-beta/provider/provider_mmv1_resources.go:909
google_compute_instance_template_iam_binding,Generated,compute,true,tpgiamresource.ResourceIamBinding,google-beta/provider/provider_mmv1_resources.go:910
google_compute_instance_template_iam_member,Generated,compute,true,tpgiamresource.ResourceIamMember,google-beta/provider/provider_mmv1_resources.go:911
google_compute_instance_template_iam_policy,Generated,compute,true,tpgiamresource.ResourceIamPolicy,google-beta/provider/provider_mmv1_resources.go:912
google_compute_instant_snapshot,Generated,compute,false,compute.ResourceComputeInstantSnapshot,google-beta/provider/provider_mmv1_resources.go:913
google_compute_instant_snapshot_iam_binding,Generated,compute,true,tpgiamresource.ResourceIamBinding,google-beta/provider/provider_mmv1_resources.go:914
google_compute_instant_snapshot_iam_member,Generated,compute,true,tpgiamresource.ResourceIamMember,google-beta/provider/provider_mmv1_resources.go:915
google_compute_instant_snapshot_iam_policy,Generated,compute,true,tpgiamresource.ResourceIamPolicy,google-beta/provider/provider_mmv1_resources.go:916
google_compute_interconnect,Generated,compute,false,compute.ResourceComputeInterconnect,google-beta/provider/provider_mmv1_resources.go:917
google_compute_interconnect_attachment,Generated,compute,false,compute.ResourceComputeInterconnectAttachment,google-beta/provider/provider_mmv1_resources.go:918
google_compute_interconnect_attachment_group,Generated,compute,false,compute.ResourceComputeInterconnectAttachmentGroup,google-beta/provider/provider_mmv1_resources.go:919
google_compute_interconnect_group,Generated,compute,false,compute.ResourceComputeInterconnectGroup,google-beta/provider/provider_mmv1_resources.go:920
google_compute_machine_image,Generated,compute,false,compute.ResourceComputeMachineImage,google-beta/provider/provider_mmv1_resources.go:921
google_compute_machine_image_iam_binding,Generated,compute,true,tpgiamresource.ResourceIamBinding,google-beta/provider/provider_mmv1_resources.go:922
google_compute_machine_image_iam_member,Generated,compute,true,tpgiamresource.ResourceIamMember,google-beta/provider/provider_mmv1_resources.go:923
google_compute_machine_image_iam_policy,Generated,compute,true,tpgiamresource.ResourceIamPolicy,google-beta/provider/provider_mmv1_resources.go:924
google_compute_managed_ssl_certificate,Generated,compute,false,compute.ResourceComputeManagedSslCertificate,google-beta/provider/provider_mmv1_resources.go:925
google_compute_network,Generated,compute,false,compute.ResourceComputeNetwork,google-beta/provider/provider_mmv1_resources.go:926
google_compute_network_attachment,Generated,compute,false,compute.ResourceComputeNetworkAttachment,google-beta/provider/provider_mmv1_resources.go:927
google_compute_network_edge_security_service,Generated,compute,false,compute.ResourceComputeNetworkEdgeSecurityService,google-beta/provider/provider_mmv1_resources.go:928
google_compute_network_endpoint,Generated,compute,false,compute.ResourceComputeNetworkEndpoint,google-beta/provider/provider_mmv1_resources.go:929
google_compute_network_endpoint_group,Generated,compute,false,compute.ResourceComputeNetworkEndpointGroup,google-beta/provider/provider_mmv1_resources.go:930
google_compute_network_endpoints,Generated,compute,false,compute.ResourceComputeNetworkEndpoints,google-beta/provider/provider_mmv1_resources.go:931
google_compute_network_firewall_policy,Generated,compute,false,compute.ResourceComputeNetworkFirewallPolicy,google-beta/provider/provider_mmv1_resources.go:932
google_compute_network_firewall_policy_association,Generated,compute,false,compute.ResourceComputeNetworkFirewallPolicyAssociation,google-beta/provider/provider_mmv1_resources.go:933
google_compute_network_firewall_policy_packet_mirroring_rule,Generated,compute,false,compute.ResourceComputeNetworkFirewallPolicyPacketMirroringRule,google-beta/provider/provider_mmv1_resources.go:934
google_compute_network_firewall_policy_rule,Generated,compute,false,compute.ResourceComputeNetworkFirewallPolicyRule,google-beta/provider/provider_mmv1_resources.go:935
google_compute_network_firewall_policy_with_rules,Generated,compute,false,compute.ResourceComputeNetworkFirewallPolicyWithRules,google-beta/provider/provider_mmv1_resources.go:936
google_compute_network_peering_routes_config,Generated,compute,false,compute.ResourceComputeNetworkPeeringRoutesConfig,google-beta/provider/provider_mmv1_resources.go:937
google_compute_node_group,Generated,compute,false,compute.ResourceComputeNodeGroup,google-beta/provider/provider_mmv1_resources.go:938
google_compute_node_template,Generated,compute,false,compute.ResourceComputeNodeTemplate,google-beta/provider/provider_mmv1_resources.go:939
google_compute_organization_security_policy,Generated,compute,false,compute.ResourceComputeOrganizationSecurityPolicy,google-beta/provider/provider_mmv1_resources.go:940
google_compute_organization_security_policy_association,Generated,compute,false,compute.ResourceComputeOrganizationSecurityPolicyAssociation,google-beta/provider/provider_mmv1_resources.go:941
google_compute_organization_security_policy_rule,Generated,compute,false,compute.ResourceComputeOrganizationSecurityPolicyRule,google-beta/provider/provider_mmv1_resources.go:942
google_compute_packet_mirroring,Generated,compute,false,compute.ResourceComputePacketMirroring,google-beta/provider/provider_mmv1_resources.go:943
google_compute_per_instance_config,Generated,compute,false,compute.ResourceComputePerInstanceConfig,google-beta/provider/provider_mmv1_resources.go:944
google_compute_preview_feature,Generated,compute,false,compute.ResourceComputePreviewFeature,google-beta/provider/provider_mmv1_resources.go:945
google_compute_project_cloud_armor_tier,Generated,compute,false,compute.ResourceComputeProjectCloudArmorTier,google-beta/provider/provider_mmv1_resources.go:946
google_compute_public_advertised_prefix,Generated,compute,false,compute.ResourceComputePublicAdvertisedPrefix,google-beta/provider/provider_mmv1_resources.go:947
google_compute_public_delegated_prefix,Generated,compute,false,compute.ResourceComputePublicDelegatedPrefix,google-beta/provider/provider_mmv1_resources.go:948
google_compute_region_autoscaler,Generated,compute,false,compute.ResourceComputeRegionAutoscaler,google-beta/provider/provider_mmv1_resources.go:949
google_compute_region_backend_service,Generated,compute,false,compute.ResourceComputeRegionBackendService,google-beta/provider/provider_mmv1_resources.go:950
google_compute_region_backend_service_iam_binding,Generated,compute,true,tpgiamresource.ResourceIamBinding,google-beta/provider/provider_mmv1_resources.go:951
google_compute_region_backend_service_iam_member,Generated,compute,true,tpgiamresource.ResourceIamMember,google-beta/provider/provider_mmv1_resources.go:952
google_compute_region_backend_service_iam_policy,Generated,compute,true,tpgiamresource.ResourceIamPolicy,google-beta/provider/provider_mmv1_resources.go:953
google_compute_region_commitment,Generated,compute,false,compute.ResourceComputeRegionCommitment,google-beta/provider/provider_mmv1_resources.go:954
google_compute_region_disk,Generated,compute,false,compute.ResourceComputeRegionDisk,google-beta/provider/provider_mmv1_resources.go:955
google_compute_region_disk_iam_binding,Generated,compute,true,tpgiamresource.ResourceIamBinding,google-beta/provider/provider_mmv1_resources.go:956
google_compute_region_disk_iam_member,Generated,compute,true,tpgiamresource.ResourceIamMember,google-beta/provider/provider_mmv1_resources.go:957
google_compute_region_disk_iam_policy,Generated,compute,true,tpgiamresource.ResourceIamPolicy,google-beta/provider/provider_mmv1_resources.go:958
google_compute_region_disk_resource_policy_attachment,Generated,compute,false,compute.ResourceComputeRegionDiskResourcePolicyAttachment,google-beta/provider/provider_mmv1_resources.go:959
google_compute_region_health_check,Generated,compute,false,compute.ResourceComputeRegionHealthCheck,google-beta/provider/provider_mmv1_resources.go:960
google_compute_region_network_endpoint,Generated,compute,false,compute.ResourceComputeRegionNetworkEndpoint,google-beta/provider/provider_mmv1_resources.go:961
google_compute_region_network_endpoint_group,Generated,compute,false,compute.ResourceComputeRegionNetworkEndpointGroup,google-beta/provider/provider_mmv1_resources.go:962
google_compute_region_network_firewall_policy,Generated,compute,false,compute.ResourceComputeRegionNetworkFirewallPolicy,google-beta/provider/provider_mmv1_resources.go:963
google_compute_region_network_firewall_policy_association,Generated,compute,false,compute.ResourceComputeRegionNetworkFirewallPolicyAssociation,google-beta/provider/provider_mmv1_resources.go:964
google_compute_region_network_firewall_policy_rule,Generated,compute,false,compute.ResourceComputeRegionNetworkFirewallPolicyRule,google-beta/provider/provider_mmv1_resources.go:965
google_compute_region_network_firewall_policy_with_rules,Generated,compute,false,compute.ResourceComputeRegionNetworkFirewallPolicyWithRules,google-beta/provider/provider_mmv1_resources.go:966
google_compute_region_per_instance_config,Generated,compute,false,compute.ResourceComputeRegionPerInstanceConfig,google-beta/provider/provider_mmv1_resources.go:967
google_compute_region_resize_request,Generated,compute,false,compute.ResourceComputeRegionResizeRequest,google-beta/provider/provider_mmv1_resources.go:968
google_compute_region_security_policy,Generated,compute,false,compute.ResourceComputeRegionSecurityPolicy,google-beta/provider/provider_mmv1_resources.go:969
google_compute_region_security_policy_rule,Generated,compute,false,compute.ResourceComputeRegionSecurityPolicyRule,google-beta/provider/provider_mmv1_resources.go:970
google_compute_region_ssl_certificate,Generated,compute,false,compute.ResourceComputeRegionSslCertificate,google-beta/provider/provider_mmv1_resources.go:971
google_compute_region_ssl_policy,Generated,compute,false,compute.ResourceComputeRegionSslPolicy,google-beta/provider/provider_mmv1_resources.go:972
google_compute_region_target_http_proxy,Generated,compute,false,compute.ResourceComputeRegionTargetHttpProxy,google-beta/provider/provider_mmv1_resources.go:973
google_compute_region_target_https_proxy,Generated,compute,false,compute.ResourceComputeRegionTargetHttpsProxy,google-beta/provider/provider_mmv1_resources.go:974
google_compute_region_target_tcp_proxy,Generated,compute,false,compute.ResourceComputeRegionTargetTcpProxy,google-beta/provider/provider_mmv1_resources.go:975
google_compute_region_url_map,Generated,compute,false,compute.ResourceComputeRegionUrlMap,google-beta/provider/provider_mmv1_resources.go:976
google_compute_reservation,Generated,compute,false,compute.ResourceComputeReservation,google-beta/provider/provider_mmv1_resources.go:977
google_compute_resize_request,Generated,compute,false,compute.ResourceComputeResizeRequest,google-beta/provider/provider_mmv1_resources.go:978
google_compute_resource_policy,Generated,compute,false,compute.ResourceComputeResourcePolicy,google-beta/provider/provider_mmv1_resources.go:979
google_compute_resource_policy_attachment,Generated,compute,false,compute.ResourceComputeResourcePolicyAttachment,google-beta/provider/provider_mmv1_resources.go:980
google_compute_route,Generated,compute,false,compute.ResourceComputeRoute,google-beta/provider/provider_mmv1_resources.go:981
google_compute_router,Generated,compute,false,compute.ResourceComputeRouter,google-beta/provider/provider_mmv1_resources.go:982
google_compute_router_nat,Generated,compute,false,compute.ResourceComputeRouterNat,google-beta/provider/provider_mmv1_resources.go:983
google_compute_router_nat_address,Generated,compute,false,compute.ResourceComputeRouterNatAddress,google-beta/provider/provider_mmv1_resources.go:984
google_compute_router_route_policy,Generated,compute,false,compute.ResourceComputeRouterRoutePolicy,google-beta/provider/provider_mmv1_resources.go:985
google_compute_security_policy_rule,Generated,compute,false,compute.ResourceComputeSecurityPolicyRule,google-beta/provider/provider_mmv1_resources.go:986
google_compute_service_attachment,Generated,compute,false,compute.ResourceComputeServiceAttachment,google-beta/provider/provider_mmv1_resources.go:987
google_compute_snapshot,Generated,compute,false,compute.ResourceComputeSnapshot,google-beta/provider/provider_mmv1_resources.go:988
google_compute_snapshot_iam_binding,Generated,compute,true,tpgiamresource.ResourceIamBinding,google-beta/provider/provider_mmv1_resources.go:989
google_compute_snapshot_iam_member,Generated,compute,true,tpgiamresource.ResourceIamMember,google-beta/provider/provider_mmv1_resources.go:990
google_compute_snapshot_iam_policy,Generated,compute,true,tpgiamresource.ResourceIamPolicy,google-beta/provider/provider_mmv1_resources.go:991
google_compute_snapshot_settings,Generated,compute,false,compute.ResourceComputeSnapshotSettings,google-beta/provider/provider_mmv1_resources.go:992
google_compute_ssl_certificate,Generated,compute,false,compute.ResourceComputeSslCertificate,google-beta/provider/provider_mmv1_resources.go:993
google_compute_ssl_policy,Generated,compute,false,compute.ResourceComputeSslPolicy,google-beta/provider/provider_mmv1_resources.go:994
google_compute_storage_pool,Generated,compute,false,compute.ResourceComputeStoragePool,google-beta/provider/provider_mmv1_resources.go:995
google_compute_storage_pool_iam_binding,Generated,compute,true,tpgiamresource.ResourceIamBinding,google-beta/provider/provider_mmv1_resources.go:996
google_compute_storage_pool_iam_member,Generated,compute,true,tpgiamresource.ResourceIamMember,google-beta/provider/provider_mmv1_resources.go:997
google_compute_storage_pool_iam_policy,Generated,compute,true,tpgiamresource.ResourceIamPolicy,google-beta/provider/provider_mmv1_resources.go:998
google_compute_subnetwork,Generated,compute,false,compute.ResourceComputeSubnetwork,google-beta/provider/provider_mmv1_resources.go:999
google_compute_subnetwork_iam_binding,Generated,compute,true,tpgiamresource.ResourceIamBinding,google-beta/provider/provider_mmv1_resources.go:1000
google_compute_subnetwork_iam_member,Generated,compute,true,tpgiamresource.ResourceIamMember,google-beta/provider/provider_mmv1_resources.go:1001
google_compute_subnetwork_iam_policy,Generated,compute,true,tpgiamresource.ResourceIamPolicy,google-beta/provider/provider_mmv1_resources.go:1002
google_compute_target_grpc_proxy,Generated,compute,false,compute.ResourceComputeTargetGrpcProxy,google-beta/provider/provider_mmv1_resources.go:1003
google_compute_target_http_proxy,Generated,compute,false,compute.ResourceComputeTargetHttpProxy,google-beta/provider/provider_mmv1_resources.go:1004
google_compute_target_https_proxy,Generated,compute,false,compute.ResourceComputeTargetHttpsProxy,google-beta/provider/provider_mmv1_resources.go:1005
google_compute_target_instance,Generated,compute,false,compute.ResourceComputeTargetInstance,google-beta/provider/provider_mmv1_resources.go:1006
google_compute_target_ssl_proxy,Generated,compute,false,compute.ResourceComputeTargetSslProxy,google-beta/provider/provider_mmv1_resources.go:1007
google_compute_target_tcp_proxy,Generated,compute,false,compute.ResourceComputeTargetTcpProxy,google-beta/provider/provider_mmv1_resources.go:1008
google_compute_url_map,Generated,compute,false,compute.ResourceComputeUrlMap,google-beta/provider/provider_mmv1_resources.go:1009
google_compute_vpn_gateway,Generated,compute,false,compute.ResourceComputeVpnGateway,google-beta/provider/provider_mmv1_resources.go:1010
google_compute_vpn_tunnel,Generated,compute,false,compute.ResourceComputeVpnTunnel,google-beta/provider/provider_mmv1_resources.go:1011
google_compute_wire_group,Generated,compute,false,compute.ResourceComputeWireGroup,google-beta/provider/provider_mmv1_resources.go:1012
google_contact_center_insights_analysis_rule,Generated,contactcenterinsights,false,contactcenterinsights.ResourceContactCenterInsightsAnalysisRule,google-beta/provider/provider_mmv1_resources.go:1013
google_contact_center_insights_view,Generated,contactcenterinsights,false,contactcenterinsights.ResourceContactCenterInsightsView,google-beta/provider/provider_mmv1_resources.go:1014
google_container_analysis_note,Generated,containeranalysis,false,containeranalysis.ResourceContainerAnalysisNote,google-beta/provider/provider_mmv1_resources.go:1015
google_container_analysis_note_iam_binding,Generated,containeranalysis,true,tpgiamresource.ResourceIamBinding,google-beta/provider/provider_mmv1_resources.go:1016
google_container_analysis_note_iam_member,Generated,containeranalysis,true,tpgiamresource.ResourceIamMember,google-beta/provider/provider_mmv1_resources.go:1017
google_container_analysis_note_iam_policy,Generated,containeranalysis,true,tpgiamresource.ResourceIamPolicy,google-beta/provider/provider_mmv1_resources.go:1018
google_container_analysis_occurrence,Generated,containeranalysis,false,containeranalysis.ResourceContainerAnalysisOccurrence,google-beta/provider/provider_mmv1_resources.go:1019
google_container_attached_cluster,Generated,containerattached,false,containerattached.ResourceContainerAttachedCluster,google-beta/provider/provider_mmv1_resources.go:1020
google_billing_project_info,Generated,corebilling,false,corebilling.ResourceCoreBillingProjectInfo,google-beta/provider/provider_mmv1_resources.go:1021
google_database_migration_service_connection_profile,Generated,databasemigrationservice,false,databasemigrationservice.ResourceDatabaseMigrationServiceConnectionProfile,google-beta/provider/provider_mmv1_resources.go:1022
google_database_migration_service_migration_job,Generated,databasemigrationservice,false,databasemigrationservice.ResourceDatabaseMigrationServiceMigrationJob,google-beta/provider/provider_mmv1_resources.go:1023
google_database_migration_service_private_connection,Generated,databasemigrationservice,false,databasemigrationservice.ResourceDatabaseMigrationServicePrivateConnection,google-beta/provider/provider_mmv1_resources.go:1024
google_data_catalog_entry,Generated,datacatalog,false,datacatalog.ResourceDataCatalogEntry,google-beta/provider/provider_mmv1_resources.go:1025
google_data_catalog_entry_group,Generated,datacatalog,false,datacatalog.ResourceDataCatalogEntryGroup,google-beta/provider/provider_mmv1_resources.go:1026
google_data_catalog_entry_group_iam_binding,Generated,datacatalog,true,tpgiamresource.ResourceIamBinding,google-beta/provider/provider_mmv1_resources.go:1027
google_data_catalog_entry_group_iam_member,Generated,datacatalog,true,tpgiamresource.ResourceIamMember,google-beta/provider/provider_mmv1_resources.go:1028
google_data_catalog_entry_group_iam_policy,Generated,datacatalog,true,tpgiamresource.ResourceIamPolicy,google-beta/provider/provider_mmv1_resources.go:1029
google_data_catalog_policy_tag,Generated,datacatalog,false,datacatalog.ResourceDataCatalogPolicyTag,google-beta/provider/provider_mmv1_resources.go:1030
google_data_catalog_policy_tag_iam_binding,Generated,datacatalog,true,tpgiamresource.ResourceIamBinding,google-beta/provider/provider_mmv1_resources.go:1031
google_data_catalog_policy_tag_iam_member,Generated,datacatalog,true,tpgiamresource.ResourceIamMember,google-beta/provider/provider_mmv1_resources.go:1032
google_data_catalog_policy_tag_iam_policy,Generated,datacatalog,true,tpgiamresource.ResourceIamPolicy,google-beta/provider/provider_mmv1_resources.go:1033
google_data_catalog_tag,Generated,datacatalog,false,datacatalog.ResourceDataCatalogTag,google-beta/provider/provider_mmv1_resources.go:1034
google_data_catalog_tag_template,Generated,datacatalog,false,datacatalog.ResourceDataCatalogTagTemplate,google-beta/provider/provider_mmv1_resources.go:1035
google_data_catalog_tag_template_iam_binding,Generated,datacatalog,true,tpgiamresource.ResourceIamBinding,google-beta/provider/provider_mmv1_resources.go:1036
google_data_catalog_tag_template_iam_member,Generated,datacatalog,true,tpgiamresource.ResourceIamMember,google-beta/provider/provider_mmv1_resources.go:1037
google_data_catalog_tag_template_iam_policy,Generated,datacatalog,true,tpgiamresource.ResourceIamPolicy,google-beta/provider/provider_mmv1_resources.go:1038
google_data_catalog_taxonomy,Generated,datacatalog,false,datacatalog.ResourceDataCatalogTaxonomy,google-beta/provider/provider_mmv1_resources.go:1039
google_data_catalog_taxonomy_iam_binding,Generated,datacatalog,true,tpgiamresource.ResourceIamBinding,google-beta/provider/provider_mmv1_resources.go:1040
google_data_catalog_taxonomy_iam_member,Generated,datacatalog,true,tpgiamresource.ResourceIamMember,google-beta/provider/provider_mmv1_resources.go:1041
google_data_catalog_taxonomy_iam_policy,Generated,datacatalog,true,tpgiamresource.ResourceIamPolicy,google-beta/provider/provider_mmv1_resources.go:1042
google_dataform_repository,Generated,dataform,false,dataform.ResourceDataformRepository,google-beta/provider/provider_mmv1_resources.go:1043
google_dataform_repository_iam_binding,Generated,dataform,true,tpgiamresource.ResourceIamBinding,google-beta/provider/provider_mmv1_resources.go:1044
google_dataform_repository_iam_member,Generated,dataform,true,tpgiamresource.ResourceIamMember,google-beta/provider/provider_mmv1_resources.go:1045
google_dataform_repository_iam_policy,Generated,dataform,true,tpgiamresource.ResourceIamPolicy,google-beta/provider/provider_mmv1_resources.go:1046
google_dataform_repository_release_config,Generated,dataform,false,dataform.ResourceDataformRepositoryReleaseConfig,google-beta/provider/provider_mmv1_resources.go:1047
google_dataform_repository_workflow_config,Generated,dataform,false,dataform.ResourceDataformRepositoryWorkflowConfig,google-beta/provider/provider_mmv1_resources.go:1048
google_data_fusion_instance,Generated,datafusion,false,datafusion.ResourceDataFusionInstance,google-beta/provider/provider_mmv1_resources.go:1049
google_data_fusion_instance_iam_binding,Generated,datafusion,true,tpgiamresource.ResourceIamBinding,google-beta/provider/provider_mmv1_resources.go:1050
google_data_fusion_instance_iam_member,Generated,datafusion,true,tpgiamresource.ResourceIamMember,google-beta/provider/provider_mmv1_resources.go:1051
google_data_fusion_instance_iam_policy,Generated,datafusion,true,tpgiamresource.ResourceIamPolicy,google-beta/provider/provider_mmv1_resources.go:1052
google_data_loss_prevention_deidentify_template,Generated,datalossprevention,false,datalossprevention.ResourceDataLossPreventionDeidentifyTemplate,google-beta/provider/provider_mmv1_resources.go:1053
google_data_loss_prevention_discovery_config,Generated,datalossprevention,false,datalossprevention.ResourceDataLossPreventionDiscoveryConfig,google-beta/provider/provider_mmv1_resources.go:1054
google_data_loss_prevention_inspect_template,Generated,datalossprevention,false,datalossprevention.ResourceDataLossPreventionInspectTemplate,google-beta/provider/provider_mmv1_resources.go:1055
google_data_loss_prevention_job_trigger,Generated,datalossprevention,false,datalossprevention.ResourceDataLossPreventionJobTrigger,google-beta/provider/provider_mmv1_resources.go:1056
google_data_loss_prevention_stored_info_type,Generated,datalossprevention,false,datalossprevention.ResourceDataLossPreventionStoredInfoType,google-beta/provider/provider_mmv1_resources.go:1057
google_data_pipeline_pipeline,Generated,datapipeline,false,datapipeline.ResourceDataPipelinePipeline,google-beta/provider/provider_mmv1_resources.go:1058
google_dataplex_aspect_type,Generated,dataplex,false,dataplex.ResourceDataplexAspectType,google-beta/provider/provider_mmv1_resources.go:1059
google_dataplex_aspect_type_iam_binding,Generated,dataplex,true,tpgiamresource.ResourceIamBinding,google-beta/provider/provider_mmv1_resources.go:1060
google_dataplex_aspect_type_iam_member,Generated,dataplex,true,tpgiamresource.ResourceIamMember,google-beta/provider/provider_mmv1_resources.go:1061
google_dataplex_aspect_type_iam_policy,Generated,dataplex,true,tpgiamresource.ResourceIamPolicy,google-beta/provider/provider_mmv1_resources.go:1062
google_dataplex_asset_iam_binding,Generated,dataplex,true,tpgiamresource.ResourceIamBinding,google-beta/provider/provider_mmv1_resources.go:1063
google_dataplex_asset_iam_member,Generated,dataplex,true,tpgiamresource.ResourceIamMember,google-beta/provider/provider_mmv1_resources.go:1064
google_dataplex_asset_iam_policy,Generated,dataplex,true,tpgiamresource.ResourceIamPolicy,google-beta/provider/provider_mmv1_resources.go:1065
google_dataplex_datascan,Generated,dataplex,false,dataplex.ResourceDataplexDatascan,google-beta/provider/provider_mmv1_resources.go:1066
google_dataplex_datascan_iam_binding,Generated,dataplex,true,tpgiamresource.ResourceIamBinding,google-beta/provider/provider_mmv1_resources.go:1067
google_dataplex_datascan_iam_member,Generated,dataplex,true,tpgiamresource.ResourceIamMember,google-beta/provider/provider_mmv1_resources.go:1068
google_dataplex_datascan_iam_policy,Generated,dataplex,true,tpgiamresource.ResourceIamPolicy,google-beta/provider/provider_mmv1_resources.go:1069
google_dataplex_entry,Generated,dataplex,false,dataplex.ResourceDataplexEntry,google-beta/provider/provider_mmv1_resources.go:1070
google_dataplex_entry_group,Generated,dataplex,false,dataplex.ResourceDataplexEntryGroup,google-beta/provider/provider_mmv1_resources.go:1071
google_dataplex_entry_group_iam_binding,Generated,dataplex,true,tpgiamresource.ResourceIamBinding,google-beta/provider/provider_mmv1_resources.go:1072
google_dataplex_entry_group_iam_member,Generated,dataplex,true,tpgiamresource.ResourceIamMember,google-beta/provider/provider_mmv1_resources.go:1073
google_dataplex_entry_group_iam_policy,Generated,dataplex,true,tpgiamresource.ResourceIamPolicy,google-beta/provider/provider_mmv1_resources.go:1074
google_dataplex_entry_link,Generated,dataplex,false,dataplex.ResourceDataplexEntryLink,google-beta/provider/provider_mmv1_resources.go:1075
google_dataplex_entry_type,Generated,dataplex,false,dataplex.ResourceDataplexEntryType,google-beta/provider/provider_mmv1_resources.go:1076
google_dataplex_entry_type_iam_binding,Generated,dataplex,true,tpgiamresource.ResourceIamBinding,google-beta/provider/provider_mmv1_resources.go:1077
google_dataplex_entry_type_iam_member,Generated,dataplex,true,tpgiamresource.ResourceIamMember,google-beta/provider/provider_mmv1_resources.go:1078
google_dataplex_entry_type_iam_policy,Generated,dataplex,true,tpgiamresource.ResourceIamPolicy,google-beta/provider/provider_mmv1_resources.go:1079
google_dataplex_glossary,Generated,dataplex,false,dataplex.ResourceDataplexGlossary,google-beta/provider/provider_mmv1_resources.go:1080
google_dataplex_glossary_iam_binding,Generated,dataplex,true,tpgiamresource.ResourceIamBinding,google-beta/provider/provider_mmv1_resources.go:1081
google_dataplex_glossary_iam_member,Generated,dataplex,true,tpgiamresource.ResourceIamMember,google-beta/provider/provider_mmv1_resources.go:1082
google_dataplex_glossary_iam_policy,Generated,dataplex,true,tpgiamresource.ResourceIamPolicy,google-beta/provider/provider_mmv1_resources.go:1083
google_dataplex_glossary_category,Generated,dataplex,false,dataplex.ResourceDataplexGlossaryCategory,google-beta/provider/provider_mmv1_resources.go:1084
google_dataplex_glossary_term,Generated,dataplex,false,dataplex.ResourceDataplexGlossaryTerm,google-beta/provider/provider_mmv1_resources.go:1085
google_dataplex_lake_iam_binding,Generated,dataplex,true,tpgiamresource.ResourceIamBinding,google-beta/provider/provider_mmv1_resources.go:1086
google_dataplex_lake_iam_member,Generated,dataplex,true,tpgiamresource.ResourceIamMember,google-beta/provider/provider_mmv1_resources.go:1087
google_dataplex_lake_iam_policy,Generated,dataplex,true,tpgiamresource.ResourceIamPolicy,google-beta/provider/provider_mmv1_resources.go:1088
google_dataplex_task,Generated,dataplex,false,dataplex.ResourceDataplexTask,google-beta/provider/provider_mmv1_resources.go:1089
google_dataplex_task_iam_binding,Generated,dataplex,true,tpgiamresource.ResourceIamBinding,google-beta/provider/provider_mmv1_resources.go:1090
google_dataplex_task_iam_member,Generated,dataplex,true,tpgiamresource.ResourceIamMember,google-beta/provider/provider_mmv1_resources.go:1091
google_dataplex_task_iam_policy,Generated,dataplex,true,tpgiamresource.ResourceIamPolicy,google-beta/provider/provider_mmv1_resources.go:1092
google_dataplex_zone_iam_binding,Generated,dataplex,true,tpgiamresource.ResourceIamBinding,google-beta/provider/provider_mmv1_resources.go:1093
google_dataplex_zone_iam_member,Generated,dataplex,true,tpgiamresource.ResourceIamMember,google-beta/provider/provider_mmv1_resources.go:1094
google_dataplex_zone_iam_policy,Generated,dataplex,true,tpgiamresource.ResourceIamPolicy,google-beta/provider/provider_mmv1_resources.go:1095
google_dataproc_autoscaling_policy,Generated,dataproc,false,dataproc.ResourceDataprocAutoscalingPolicy,google-beta/provider/provider_mmv1_resources.go:1096
google_dataproc_autoscaling_policy_iam_binding,Generated,dataproc,true,tpgiamresource.ResourceIamBinding,google-beta/provider/provider_mmv1_resources.go:1097
google_dataproc_autoscaling_policy_iam_member,Generated,dataproc,true,tpgiamresource.ResourceIamMember,google-beta/provider/provider_mmv1_resources.go:1098
google_dataproc_autoscaling_policy_iam_policy,Generated,dataproc,true,tpgiamresource.ResourceIamPolicy,google-beta/provider/provider_mmv1_resources.go:1099
google_dataproc_batch,Generated,dataproc,false,dataproc.ResourceDataprocBatch,google-beta/provider/provider_mmv1_resources.go:1100
google_dataproc_session_template,Generated,dataproc,false,dataproc.ResourceDataprocSessionTemplate,google-beta/provider/provider_mmv1_resources.go:1101
google_dataproc_gdc_application_environment,Generated,dataprocgdc,false,dataprocgdc.ResourceDataprocGdcApplicationEnvironment,google-beta/provider/provider_mmv1_resources.go:1102
google_dataproc_gdc_service_instance,Generated,dataprocgdc,false,dataprocgdc.ResourceDataprocGdcServiceInstance,google-beta/provider/provider_mmv1_resources.go:1103
google_dataproc_gdc_spark_application,Generated,dataprocgdc,false,dataprocgdc.ResourceDataprocGdcSparkApplication,google-beta/provider/provider_mmv1_resources.go:1104
google_dataproc_metastore_database_iam_binding,Generated,dataprocmetastore,true,tpgiamresource.ResourceIamBinding,google-beta/provider/provider_mmv1_resources.go:1105
google_dataproc_metastore_database_iam_member,Generated,dataprocmetastore,true,tpgiamresource.ResourceIamMember,google-beta/provider/provider_mmv1_resources.go:1106
google_dataproc_metastore_database_iam_policy,Generated,dataprocmetastore,true,tpgiamresource.ResourceIamPolicy,google-beta/provider/provider_mmv1_resources.go:1107
google_dataproc_metastore_federation,Generated,dataprocmetastore,false,dataprocmetastore.ResourceDataprocMetastoreFederation,google-beta/provider/provider_mmv1_resources.go:1108
google_dataproc_metastore_federation_iam_binding,Generated,dataprocmetastore,true,tpgiamresource.ResourceIamBinding,google-beta/provider/provider_mmv1_resources.go:1109
google_dataproc_metastore_federation_iam_member,Generated,dataprocmetastore,true,tpgiamresource.ResourceIamMember,google-beta/provider/provider_mmv1_resources.go:1110
google_dataproc_metastore_federation_iam_policy,Generated,dataprocmetastore,true,tpgiamresource.ResourceIamPolicy,google-beta/provider/provider_mmv1_resources.go:1111
google_dataproc_metastore_service,Generated,dataprocmetastore,false,dataprocmetastore.ResourceDataprocMetastoreService,google-beta/provider/provider_mmv1_resources.go:1112
google_dataproc_metastore_service_iam_binding,Generated,dataprocmetastore,true,tpgiamresource.ResourceIamBinding,google-beta/provider/provider_mmv1_resources.go:1113
google_dataproc_metastore_service_iam_member,Generated,dataprocmetastore,true,tpgiamresource.ResourceIamMember,google-beta/provider/provider_mmv1_resources.go:1114
google_dataproc_metastore_service_iam_policy,Generated,dataprocmetastore,true,tpgiamresource.ResourceIamPolicy,google-beta/provider/provider_mmv1_resources.go:1115
google_dataproc_metastore_table_iam_binding,Generated,dataprocmetastore,true,tpgiamresource.ResourceIamBinding,google-beta/provider/provider_mmv1_resources.go:1116
google_dataproc_metastore_table_iam_member,Generated,dataprocmetastore,true,tpgiamresource.ResourceIamMember,google-beta/provider/provider_mmv1_resources.go:1117
google_dataproc_metastore_table_iam_policy,Generated,dataprocmetastore,true,tpgiamresource.ResourceIamPolicy,google-beta/provider/provider_mmv1_resources.go:1118
google_datastream_connection_profile,Generated,datastream,false,datastream.ResourceDatastreamConnectionProfile,google-beta/provider/provider_mmv1_resources.go:1119
google_datastream_private_connection,Generated,datastream,false,datastream.ResourceDatastreamPrivateConnection,google-beta/provider/provider_mmv1_resources.go:1120
google_datastream_stream,Generated,datastream,false,datastream.ResourceDatastreamStream,google-beta/provider/provider_mmv1_resources.go:1121
google_deployment_manager_deployment,Generated,deploymentmanager,false,deploymentmanager.ResourceDeploymentManagerDeployment,google-beta/provider/provider_mmv1_resources.go:1122
google_developer_connect_account_connector,Generated,developerconnect,false,developerconnect.ResourceDeveloperConnectAccountConnector,google-beta/provider/provider_mmv1_resources.go:1123
google_developer_connect_connection,Generated,developerconnect,false,developerconnect.ResourceDeveloperConnectConnection,google-beta/provider/provider_mmv1_resources.go:1124
google_developer_connect_git_repository_link,Generated,developerconnect,false,developerconnect.ResourceDeveloperConnectGitRepositoryLink,google-beta/provider/provider_mmv1_resources.go:1125
google_developer_connect_insights_config,Generated,developerconnect,false,developerconnect.ResourceDeveloperConnectInsightsConfig,google-beta/provider/provider_mmv1_resources.go:1126
google_dialogflow_agent,Generated,dialogflow,false,dialogflow.ResourceDialogflowAgent,google-beta/provider/provider_mmv1_resources.go:1127
google_dialogflow_conversation_profile,Generated,dialogflow,false,dialogflow.ResourceDialogflowConversationProfile,google-beta/provider/provider_mmv1_resources.go:1128
google_dialogflow_encryption_spec,Generated,dialogflow,false,dialogflow.ResourceDialogflowEncryptionSpec,google-beta/provider/provider_mmv1_resources.go:1129
google_dialogflow_entity_type,Generated,dialogflow,false,dialogflow.ResourceDialogflowEntityType,google-beta/provider/provider_mmv1_resources.go:1130
google_dialogflow_fulfillment,Generated,dialogflow,false,dialogflow.ResourceDialogflowFulfillment,google-beta/provider/provider_mmv1_resources.go:1131
google_dialogflow_intent,Generated,dialogflow,false,dialogflow.ResourceDialogflowIntent,google-beta/provider/provider_mmv1_resources.go:1132
google_dialogflow_cx_agent,Generated,dialogflowcx,false,dialogflowcx.ResourceDialogflowCXAgent,google-beta/provider/provider_mmv1_resources.go:1133
google_dialogflow_cx_entity_type,Generated,dialogflowcx,false,dialogflowcx.ResourceDialogflowCXEntityType,google-beta/provider/provider_mmv1_resources.go:1134
google_dialogflow_cx_environment,Generated,dialogflowcx,false,dialogflowcx.ResourceDialogflowCXEnvironment,google-beta/provider/provider_mmv1_resources.go:1135
google_dialogflow_cx_flow,Generated,dialogflowcx,false,dialogflowcx.ResourceDialogflowCXFlow,google-beta/provider/provider_mmv1_resources.go:1136
google_dialogflow_cx_generative_settings,Generated,dialogflowcx,false,dialogflowcx.ResourceDialogflowCXGenerativeSettings,google-beta/provider/provider_mmv1_resources.go:1137
google_dialogflow_cx_generator,Generated,dialogflowcx,false,dialogflowcx.ResourceDialogflowCXGenerator,google-beta/provider/provider_mmv1_resources.go:1138
google_dialogflow_cx_intent,Generated,dialogflowcx,false,dialogflowcx.ResourceDialogflowCXIntent,google-beta/provider/provider_mmv1_resources.go:1139
google_dialogflow_cx_page,Generated,dialogflowcx,false,dialogflowcx.ResourceDialogflowCXPage,google-beta/provider/provider_mmv1_resources.go:1140
google_dialogflow_cx_playbook,Generated,dialogflowcx,false,dialogflowcx.ResourceDialogflowCXPlaybook,google-beta/provider/provider_mmv1_resources.go:1141
google_dialogflow_cx_security_settings,Generated,dialogflowcx,false,dialogflowcx.ResourceDialogflowCXSecuritySettings,google-beta/provider/provider_mmv1_resources.go:1142
google_dialogflow_cx_test_case,Generated,dialogflowcx,false,dialogflowcx.ResourceDialogflowCXTestCase,google-beta/provider/provider_mmv1_resources.go:1143
google_dialogflow_cx_tool,Generated,dialogflowcx,false,dialogflowcx.ResourceDialogflowCXTool,google-beta/provider/provider_mmv1_resources.go:1144
google_dialogflow_cx_version,Generated,dialogflowcx,false,dialogflowcx.ResourceDialogflowCXVersion,google-beta/provider/provider_mmv1_resources.go:1145
google_dialogflow_cx_webhook,Generated,dialogflowcx,false,dialogflowcx.ResourceDialogflowCXWebhook,google-beta/provider/provider_mmv1_resources.go:1146
google_discovery_engine_acl_config,Generated,discoveryengine,false,discoveryengine.ResourceDiscoveryEngineAclConfig,google-beta/provider/provider_mmv1_resources.go:1147
google_discovery_engine_assistant,Generated,discoveryengine,false,discoveryengine.ResourceDiscoveryEngineAssistant,google-beta/provider/provider_mmv1_resources.go:1148
google_discovery_engine_chat_engine,Generated,discoveryengine,false,discoveryengine.ResourceDiscoveryEngineChatEngine,google-beta/provider/provider_mmv1_resources.go:1149
google_discovery_engine_cmek_config,Generated,discoveryengine,false,discoveryengine.ResourceDiscoveryEngineCmekConfig,google-beta/provider/provider_mmv1_resources.go:1150
google_discovery_engine_control,Generated,discoveryengine,false,discoveryengine.ResourceDiscoveryEngineControl,google-beta/provider/provider_mmv1_resources.go:1151
google_discovery_engine_data_connector,Generated,discoveryengine,false,discoveryengine.ResourceDiscoveryEngineDataConnector,google-beta/provider/provider_mmv1_resources.go:1152
google_discovery_engine_data_store,Generated,discoveryengine,false,discoveryengine.ResourceDiscoveryEngineDataStore,google-beta/provider/provider_mmv1_resources.go:1153
google_discovery_engine_license_config,Generated,discoveryengine,false,discoveryengine.ResourceDiscoveryEngineLicenseConfig,google-beta/provider/provider_mmv1_resources.go:1154
google_discovery_engine_recommendation_engine,Generated,discoveryengine,false,discoveryengine.ResourceDiscoveryEngineRecommendationEngine,google-beta/provider/provider_mmv1_resources.go:1155
google_discovery_engine_schema,Generated,discoveryengine,false,discoveryengine.ResourceDiscoveryEngineSchema,google-beta/provider/provider_mmv1_resources.go:1156
google_discovery_engine_search_engine,Generated,discoveryengine,false,discoveryengine.ResourceDiscoveryEngineSearchEngine,google-beta/provider/provider_mmv1_resources.go:1157
google_discovery_engine_sitemap,Generated,discoveryengine,false,discoveryengine.ResourceDiscoveryEngineSitemap,google-beta/provider/provider_mmv1_resources.go:1158
google_discovery_engine_target_site,Generated,discoveryengine,false,discoveryengine.ResourceDiscoveryEngineTargetSite,google-beta/provider/provider_mmv1_resources.go:1159
google_dns_managed_zone,Generated,dns,false,dns.ResourceDNSManagedZone,google-beta/provider/provider_mmv1_resources.go:1160
google_dns_managed_zone_iam_binding,Generated,dns,true,tpgiamresource.ResourceIamBinding,google-beta/provider/provider_mmv1_resources.go:1161
google_dns_managed_zone_iam_member,Generated,dns,true,tpgiamresource.ResourceIamMember,google-beta/provider/provider_mmv1_resources.go:1162
google_dns_managed_zone_iam_policy,Generated,dns,true,tpgiamresource.ResourceIamPolicy,google-beta/provider/provider_mmv1_resources.go:1163
google_dns_policy,Generated,dns,false,dns.ResourceDNSPolicy,google-beta/provider/provider_mmv1_resources.go:1164
google_dns_response_policy,Generated,dns,false,dns.ResourceDNSResponsePolicy,google-beta/provider/provider_mmv1_resources.go:1165
google_dns_response_policy_rule,Generated,dns,false,dns.ResourceDNSResponsePolicyRule,google-beta/provider/provider_mmv1_resources.go:1166
google_document_ai_processor,Generated,documentai,false,documentai.ResourceDocumentAIProcessor,google-beta/provider/provider_mmv1_resources.go:1167
google_document_ai_processor_default_version,Generated,documentai,false,documentai.ResourceDocumentAIProcessorDefaultVersion,google-beta/provider/provider_mmv1_resources.go:1168
google_document_ai_warehouse_document_schema,Generated,documentaiwarehouse,false,documentaiwarehouse.ResourceDocumentAIWarehouseDocumentSchema,google-beta/provider/provider_mmv1_resources.go:1169
google_document_ai_warehouse_location,Generated,documentaiwarehouse,false,documentaiwarehouse.ResourceDocumentAIWarehouseLocation,google-beta/provider/provider_mmv1_resources.go:1170
google_edgecontainer_cluster,Generated,edgecontainer,false,edgecontainer.ResourceEdgecontainerCluster,google-beta/provider/provider_mmv1_resources.go:1171
google_edgecontainer_node_pool,Generated,edgecontainer,false,edgecontainer.ResourceEdgecontainerNodePool,google-beta/provider/provider_mmv1_resources.go:1172
google_edgecontainer_vpn_connection,Generated,edgecontainer,false,edgecontainer.ResourceEdgecontainerVpnConnection,google-beta/provider/provider_mmv1_resources.go:1173
google_edgenetwork_interconnect_attachment,Generated,edgenetwork,false,edgenetwork.ResourceEdgenetworkInterconnectAttachment,google-beta/provider/provider_mmv1_resources.go:1174
google_edgenetwork_network,Generated,edgenetwork,false,edgenetwork.ResourceEdgenetworkNetwork,google-beta/provider/provider_mmv1_resources.go:1175
google_edgenetwork_subnet,Generated,edgenetwork,false,edgenetwork.ResourceEdgenetworkSubnet,google-beta/provider/provider_mmv1_resources.go:1176
google_essential_contacts_contact,Generated,essentialcontacts,false,essentialcontacts.ResourceEssentialContactsContact,google-beta/provider/provider_mmv1_resources.go:1177
google_eventarc_channel,Generated,eventarc,false,eventarc.ResourceEventarcChannel,google-beta/provider/provider_mmv1_resources.go:1178
google_eventarc_enrollment,Generated,eventarc,false,eventarc.ResourceEventarcEnrollment,google-beta/provider/provider_mmv1_resources.go:1179
google_eventarc_google_api_source,Generated,eventarc,false,eventarc.ResourceEventarcGoogleApiSource,google-beta/provider/provider_mmv1_resources.go:1180
google_eventarc_google_channel_config,Generated,eventarc,false,eventarc.ResourceEventarcGoogleChannelConfig,google-beta/provider/provider_mmv1_resources.go:1181
google_eventarc_message_bus,Generated,eventarc,false,eventarc.ResourceEventarcMessageBus,google-beta/provider/provider_mmv1_resources.go:1182
google_eventarc_pipeline,Generated,eventarc,false,eventarc.ResourceEventarcPipeline,google-beta/provider/provider_mmv1_resources.go:1183
google_eventarc_trigger,Generated,eventarc,false,eventarc.ResourceEventarcTrigger,google-beta/provider/provider_mmv1_resources.go:1184
google_filestore_backup,Generated,filestore,false,filestore.ResourceFilestoreBackup,google-beta/provider/provider_mmv1_resources.go:1185
google_filestore_instance,Generated,filestore,false,filestore.ResourceFilestoreInstance,google-beta/provider/provider_mmv1_resources.go:1186
google_filestore_snapshot,Generated,filestore,false,filestore.ResourceFilestoreSnapshot,google-beta/provider/provider_mmv1_resources.go:1187
google_firebase_android_app,Generated,firebase,false,firebase.ResourceFirebaseAndroidApp,google-beta/provider/provider_mmv1_resources.go:1188
google_firebase_apple_app,Generated,firebase,false,firebase.ResourceFirebaseAppleApp,google-beta/provider/provider_mmv1_resources.go:1189
google_firebase_project,Generated,firebase,false,firebase.ResourceFirebaseProject,google-beta/provider/provider_mmv1_resources.go:1190
google_firebase_web_app,Generated,firebase,false,firebase.ResourceFirebaseWebApp,google-beta/provider/provider_mmv1_resources.go:1191
google_firebase_app_check_app_attest_config,Generated,firebaseappcheck,false,firebaseappcheck.ResourceFirebaseAppCheckAppAttestConfig,google-beta/provider/provider_mmv1_resources.go:1192
google_firebase_app_check_debug_token,Generated,firebaseappcheck,false,firebaseappcheck.ResourceFirebaseAppCheckDebugToken,google-beta/provider/provider_mmv1_resources.go:1193
google_firebase_app_check_device_check_config,Generated,firebaseappcheck,false,firebaseappcheck.ResourceFirebaseAppCheckDeviceCheckConfig,google-beta/provider/provider_mmv1_resources.go:1194
google_firebase_app_check_play_integrity_config,Generated,firebaseappcheck,false,firebaseappcheck.ResourceFirebaseAppCheckPlayIntegrityConfig,google-beta/provider/provider_mmv1_resources.go:1195
google_firebase_app_check_recaptcha_enterprise_config,Generated,firebaseappcheck,false,firebaseappcheck.ResourceFirebaseAppCheckRecaptchaEnterpriseConfig,google-beta/provider/provider_mmv1_resources.go:1196
google_firebase_app_check_recaptcha_v3_config,Generated,firebaseappcheck,false,firebaseappcheck.ResourceFirebaseAppCheckRecaptchaV3Config,google-beta/provider/provider_mmv1_resources.go:1197
google_firebase_app_check_service_config,Generated,firebaseappcheck,false,firebaseappcheck.ResourceFirebaseAppCheckServiceConfig,google-beta/provider/provider_mmv1_resources.go:1198
google_firebase_app_hosting_backend,Generated,firebaseapphosting,false,firebaseapphosting.ResourceFirebaseAppHostingBackend,google-beta/provider/provider_mmv1_resources.go:1199
google_firebase_app_hosting_build,Generated,firebaseapphosting,false,firebaseapphosting.ResourceFirebaseAppHostingBuild,google-beta/provider/provider_mmv1_resources.go:1200
google_firebase_app_hosting_default_domain,Generated,firebaseapphosting,false,firebaseapphosting.ResourceFirebaseAppHostingDefaultDomain,google-beta/provider/provider_mmv1_resources.go:1201
google_firebase_app_hosting_domain,Generated,firebaseapphosting,false,firebaseapphosting.ResourceFirebaseAppHostingDomain,google-beta/provider/provider_mmv1_resources.go:1202
google_firebase_app_hosting_traffic,Generated,firebaseapphosting,false,firebaseapphosting.ResourceFirebaseAppHostingTraffic,google-beta/provider/provider_mmv1_resources.go:1203
google_firebase_database_instance,Generated,firebasedatabase,false,firebasedatabase.ResourceFirebaseDatabaseInstance,google-beta/provider/provider_mmv1_resources.go:1204
google_firebase_data_connect_service,Generated,firebasedataconnect,false,firebasedataconnect.ResourceFirebaseDataConnectService,google-beta/provider/provider_mmv1_resources.go:1205
google_firebase_extensions_instance,Generated,firebaseextensions,false,firebaseextensions.ResourceFirebaseExtensionsInstance,google-beta/provider/provider_mmv1_resources.go:1206
google_firebase_hosting_channel,Generated,firebasehosting,false,firebasehosting.ResourceFirebaseHostingChannel,google-beta/provider/provider_mmv1_resources.go:1207
google_firebase_hosting_custom_domain,Generated,firebasehosting,false,firebasehosting.ResourceFirebaseHostingCustomDomain,google-beta/provider/provider_mmv1_resources.go:1208
google_firebase_hosting_release,Generated,firebasehosting,false,firebasehosting.ResourceFirebaseHostingRelease,google-beta/provider/provider_mmv1_resources.go:1209
google_firebase_hosting_site,Generated,firebasehosting,false,firebasehosting.ResourceFirebaseHostingSite,google-beta/provider/provider_mmv1_resources.go:1210
google_firebase_hosting_version,Generated,firebasehosting,false,firebasehosting.ResourceFirebaseHostingVersion,google-beta/provider/provider_mmv1_resources.go:1211
google_firebase_storage_bucket,Generated,firebasestorage,false,firebasestorage.ResourceFirebaseStorageBucket,google-beta/provider/provider_mmv1_resources.go:1212
google_firestore_backup_schedule,Generated,firestore,false,firestore.ResourceFirestoreBackupSchedule,google-beta/provider/provider_mmv1_resources.go:1213
google_firestore_database,Generated,firestore,false,firestore.ResourceFirestoreDatabase,google-beta/provider/provider_mmv1_resources.go:1214
google_firestore_document,Generated,firestore,false,firestore.ResourceFirestoreDocument,google-beta/provider/provider_mmv1_resources.go:1215
google_firestore_field,Generated,firestore,false,firestore.ResourceFirestoreField,google-beta/provider/provider_mmv1_resources.go:1216
google_firestore_index,Generated,firestore,false,firestore.ResourceFirestoreIndex,google-beta/provider/provider_mmv1_resources.go:1217
google_firestore_user_creds,Generated,firestore,false,firestore.ResourceFirestoreUserCreds,google-beta/provider/provider_mmv1_resources.go:1218
google_gemini_code_repository_index,Generated,gemini,false,gemini.ResourceGeminiCodeRepositoryIndex,google-beta/provider/provider_mmv1_resources.go:1219
google_gemini_code_tools_setting,Generated,gemini,false,gemini.ResourceGeminiCodeToolsSetting,google-beta/provider/provider_mmv1_resources.go:1220
google_gemini_code_tools_setting_binding,Generated,gemini,false,gemini.ResourceGeminiCodeToolsSettingBinding,google-beta/provider/provider_mmv1_resources.go:1221
google_gemini_data_sharing_with_google_setting,Generated,gemini,false,gemini.ResourceGeminiDataSharingWithGoogleSetting,google-beta/provider/provider_mmv1_resources.go:1222
google_gemini_data_sharing_with_google_setting_binding,Generated,gemini,false,gemini.ResourceGeminiDataSharingWithGoogleSettingBinding,google-beta/provider/provider_mmv1_resources.go:1223
google_gemini_gemini_gcp_enablement_setting,Generated,gemini,false,gemini.ResourceGeminiGeminiGcpEnablementSetting,google-beta/provider/provider_mmv1_resources.go:1224
google_gemini_gemini_gcp_enablement_setting_binding,Generated,gemini,false,gemini.ResourceGeminiGeminiGcpEnablementSettingBinding,google-beta/provider/provider_mmv1_resources.go:1225
google_gemini_logging_setting,Generated,gemini,false,gemini.ResourceGeminiLoggingSetting,google-beta/provider/provider_mmv1_resources.go:1226
google_gemini_logging_setting_binding,Generated,gemini,false,gemini.ResourceGeminiLoggingSettingBinding,google-beta/provider/provider_mmv1_resources.go:1227
google_gemini_release_channel_setting,Generated,gemini,false,gemini.ResourceGeminiReleaseChannelSetting,google-beta/provider/provider_mmv1_resources.go:1228
google_gemini_release_channel_setting_binding,Generated,gemini,false,gemini.ResourceGeminiReleaseChannelSettingBinding,google-beta/provider/provider_mmv1_resources.go:1229
google_gemini_repository_group,Generated,gemini,false,gemini.ResourceGeminiRepositoryGroup,google-beta/provider/provider_mmv1_resources.go:1230
google_gemini_repository_group_iam_binding,Generated,gemini,true,tpgiamresource.ResourceIamBinding,google-beta/provider/provider_mmv1_resources.go:1231
google_gemini_repository_group_iam_member,Generated,gemini,true,tpgiamresource.ResourceIamMember,google-beta/provider/provider_mmv1_resources.go:1232
google_gemini_repository_group_iam_policy,Generated,gemini,true,tpgiamresource.ResourceIamPolicy,google-beta/provider/provider_mmv1_resources.go:1233
google_gke_backup_backup_channel,Generated,gkebackup,false,gkebackup.ResourceGKEBackupBackupChannel,google-beta/provider/provider_mmv1_resources.go:1234
google_gke_backup_backup_plan,Generated,gkebackup,false,gkebackup.ResourceGKEBackupBackupPlan,google-beta/provider/provider_mmv1_resources.go:1235
google_gke_backup_backup_plan_iam_binding,Generated,gkebackup,true,tpgiamresource.ResourceIamBinding,google-beta/provider/provider_mmv1_resources.go:1236
google_gke_backup_backup_plan_iam_member,Generated,gkebackup,true,tpgiamresource.ResourceIamMember,google-beta/provider/provider_mmv1_resources.go:1237
google_gke_backup_backup_plan_iam_policy,Generated,gkebackup,true,tpgiamresource.ResourceIamPolicy,google-beta/provider/provider_mmv1_resources.go:1238
google_gke_backup_restore_channel,Generated,gkebackup,false,gkebackup.ResourceGKEBackupRestoreChannel,google-beta/provider/provider_mmv1_resources.go:1239
google_gke_backup_restore_plan,Generated,gkebackup,false,gkebackup.ResourceGKEBackupRestorePlan,google-beta/provider/provider_mmv1_resources.go:1240
google_gke_backup_restore_plan_iam_binding,Generated,gkebackup,true,tpgiamresource.ResourceIamBinding,google-beta/provider/provider_mmv1_resources.go:1241
google_gke_backup_restore_plan_iam_member,Generated,gkebackup,true,tpgiamresource.ResourceIamMember,google-beta/provider/provider_mmv1_resources.go:1242
google_gke_backup_restore_plan_iam_policy,Generated,gkebackup,true,tpgiamresource.ResourceIamPolicy,google-beta/provider/provider_mmv1_resources.go:1243
google_gke_hub_membership,Generated,gkehub,false,gkehub.ResourceGKEHubMembership,google-beta/provider/provider_mmv1_resources.go:1244
google_gke_hub_membership_iam_binding,Generated,gkehub,true,tpgiamresource.ResourceIamBinding,google-beta/provider/provider_mmv1_resources.go:1245
google_gke_hub_membership_iam_member,Generated,gkehub,true,tpgiamresource.ResourceIamMember,google-beta/provider/provider_mmv1_resources.go:1246
google_gke_hub_membership_iam_policy,Generated,gkehub,true,tpgiamresource.ResourceIamPolicy,google-beta/provider/provider_mmv1_resources.go:1247
google_gke_hub_feature,Generated,gkehub2,false,gkehub2.ResourceGKEHub2Feature,google-beta/provider/provider_mmv1_resources.go:1248
google_gke_hub_feature_iam_binding,Generated,gkehub2,true,tpgiamresource.ResourceIamBinding,google-beta/provider/provider_mmv1_resources.go:1249
google_gke_hub_feature_iam_member,Generated,gkehub2,true,tpgiamresource.ResourceIamMember,google-beta/provider/provider_mmv1_resources.go:1250
google_gke_hub_feature_iam_policy,Generated,gkehub2,true,tpgiamresource.ResourceIamPolicy,google-beta/provider/provider_mmv1_resources.go:1251
google_gke_hub_fleet,Generated,gkehub2,false,gkehub2.ResourceGKEHub2Fleet,google-beta/provider/provider_mmv1_resources.go:1252
google_gke_hub_membership_binding,Generated,gkehub2,false,gkehub2.ResourceGKEHub2MembershipBinding,google-beta/provider/provider_mmv1_resources.go:1253
google_gke_hub_membership_rbac_role_binding,Generated,gkehub2,false,gkehub2.ResourceGKEHub2MembershipRBACRoleBinding,google-beta/provider/provider_mmv1_resources.go:1254
google_gke_hub_namespace,Generated,gkehub2,false,gkehub2.ResourceGKEHub2Namespace,google-beta/provider/provider_mmv1_resources.go:1255
google_gke_hub_scope,Generated,gkehub2,false,gkehub2.ResourceGKEHub2Scope,google-beta/provider/provider_mmv1_resources.go:1256
google_gke_hub_scope_iam_binding,Generated,gkehub2,true,tpgiamresource.ResourceIamBinding,google-beta/provider/provider_mmv1_resources.go:1257
google_gke_hub_scope_iam_member,Generated,gkehub2,true,tpgiamresource.ResourceIamMember,google-beta/provider/provider_mmv1_resources.go:1258
google_gke_hub_scope_iam_policy,Generated,gkehub2,true,tpgiamresource.ResourceIamPolicy,google-beta/provider/provider_mmv1_resources.go:1259
google_gke_hub_scope_rbac_role_binding,Generated,gkehub2,false,gkehub2.ResourceGKEHub2ScopeRBACRoleBinding,google-beta/provider/provider_mmv1_resources.go:1260
google_gkeonprem_bare_metal_admin_cluster,Generated,gkeonprem,false,gkeonprem.ResourceGkeonpremBareMetalAdminCluster,google-beta/provider/provider_mmv1_resources.go:1261
google_gkeonprem_bare_metal_cluster,Generated,gkeonprem,false,gkeonprem.ResourceGkeonpremBareMetalCluster,google-beta/provider/provider_mmv1_resources.go:1262
google_gkeonprem_bare_metal_node_pool,Generated,gkeonprem,false,gkeonprem.ResourceGkeonpremBareMetalNodePool,google-beta/provider/provider_mmv1_resources.go:1263
google_gkeonprem_vmware_admin_cluster,Generated,gkeonprem,false,gkeonprem.ResourceGkeonpremVmwareAdminCluster,google-beta/provider/provider_mmv1_resources.go:1264
google_gkeonprem_vmware_cluster,Generated,gkeonprem,false,gkeonprem.ResourceGkeonpremVmwareCluster,google-beta/provider/provider_mmv1_resources.go:1265
google_gkeonprem_vmware_node_pool,Generated,gkeonprem,false,gkeonprem.ResourceGkeonpremVmwareNodePool,google-beta/provider/provider_mmv1_resources.go:1266
google_healthcare_consent_store,Generated,healthcare,false,healthcare.ResourceHealthcareConsentStore,google-beta/provider/provider_mmv1_resources.go:1267
google_healthcare_consent_store_iam_binding,Generated,healthcare,true,tpgiamresource.ResourceIamBinding,google-beta/provider/provider_mmv1_resources.go:1268
google_healthcare_consent_store_iam_member,Generated,healthcare,true,tpgiamresource.ResourceIamMember,google-beta/provider/provider_mmv1_resources.go:1269
google_healthcare_consent_store_iam_policy,Generated,healthcare,true,tpgiamresource.ResourceIamPolicy,google-beta/provider/provider_mmv1_resources.go:1270
google_healthcare_dataset,Generated,healthcare,false,healthcare.ResourceHealthcareDataset,google-beta/provider/provider_mmv1_resources.go:1271
google_healthcare_dicom_store,Generated,healthcare,false,healthcare.ResourceHealthcareDicomStore,google-beta/provider/provider_mmv1_resources.go:1272
google_healthcare_fhir_store,Generated,healthcare,false,healthcare.ResourceHealthcareFhirStore,google-beta/provider/provider_mmv1_resources.go:1273
google_healthcare_hl7_v2_store,Generated,healthcare,false,healthcare.ResourceHealthcareHl7V2Store,google-beta/provider/provider_mmv1_resources.go:1274
google_healthcare_pipeline_job,Generated,healthcare,false,healthcare.ResourceHealthcarePipelineJob,google-beta/provider/provider_mmv1_resources.go:1275
google_healthcare_workspace,Generated,healthcare,false,healthcare.ResourceHealthcareWorkspace,google-beta/provider/provider_mmv1_resources.go:1276
google_iam_access_boundary_policy,Generated,iam2,false,iam2.ResourceIAM2AccessBoundaryPolicy,google-beta/provider/provider_mmv1_resources.go:1277
google_iam_deny_policy,Generated,iam2,false,iam2.ResourceIAM2DenyPolicy,google-beta/provider/provider_mmv1_resources.go:1278
google_iam_folders_policy_binding,Generated,iam3,false,iam3.ResourceIAM3FoldersPolicyBinding,google-beta/provider/provider_mmv1_resources.go:1279
google_iam_organizations_policy_binding,Generated,iam3,false,iam3.ResourceIAM3OrganizationsPolicyBinding,google-beta/provider/provider_mmv1_resources.go:1280
google_iam_principal_access_boundary_policy,Generated,iam3,false,iam3.ResourceIAM3PrincipalAccessBoundaryPolicy,google-beta/provider/provider_mmv1_resources.go:1281
google_iam_projects_policy_binding,Generated,iam3,false,iam3.ResourceIAM3ProjectsPolicyBinding,google-beta/provider/provider_mmv1_resources.go:1282
google_iam_workload_identity_pool,Generated,iambeta,false,iambeta.ResourceIAMBetaWorkloadIdentityPool,google-beta/provider/provider_mmv1_resources.go:1283
google_iam_workload_identity_pool_iam_binding,Generated,iambeta,true,tpgiamresource.ResourceIamBinding,google-beta/provider/provider_mmv1_resources.go:1284
google_iam_workload_identity_pool_iam_member,Generated,iambeta,true,tpgiamresource.ResourceIamMember,google-beta/provider/provider_mmv1_resources.go:1285
google_iam_workload_identity_pool_iam_policy,Generated,iambeta,true,tpgiamresource.ResourceIamPolicy,google-beta/provider/provider_mmv1_resources.go:1286
google_iam_workload_identity_pool_managed_identity,Generated,iambeta,false,iambeta.ResourceIAMBetaWorkloadIdentityPoolManagedIdentity,google-beta/provider/provider_mmv1_resources.go:1287
google_iam_workload_identity_pool_namespace,Generated,iambeta,false,iambeta.ResourceIAMBetaWorkloadIdentityPoolNamespace,google-beta/provider/provider_mmv1_resources.go:1288
google_iam_workload_identity_pool_provider,Generated,iambeta,false,iambeta.ResourceIAMBetaWorkloadIdentityPoolProvider,google-beta/provider/provider_mmv1_resources.go:1289
google_iam_oauth_client,Generated,iamworkforcepool,false,iamworkforcepool.ResourceIAMWorkforcePoolOauthClient,google-beta/provider/provider_mmv1_resources.go:1290
google_iam_oauth_client_credential,Generated,iamworkforcepool,false,iamworkforcepool.ResourceIAMWorkforcePoolOauthClientCredential,google-beta/provider/provider_mmv1_resources.go:1291
google_iam_workforce_pool,Generated,iamworkforcepool,false,iamworkforcepool.ResourceIAMWorkforcePoolWorkforcePool,google-beta/provider/provider_mmv1_resources.go:1292
google_iam_workforce_pool_iam_binding,Generated,iamworkforcepool,true,tpgiamresource.ResourceIamBinding,google-beta/provider/provider_mmv1_resources.go:1293
google_iam_workforce_pool_iam_member,Generated,iamworkforcepool,true,tpgiamresource.ResourceIamMember,google-beta/provider/provider_mmv1_resources.go:1294
google_iam_workforce_pool_iam_policy,Generated,iamworkforcepool,true,tpgiamresource.ResourceIamPolicy,google-beta/provider/provider_mmv1_resources.go:1295
google_iam_workforce_pool_provider,Generated,iamworkforcepool,false,iamworkforcepool.ResourceIAMWorkforcePoolWorkforcePoolProvider,google-beta/provider/provider_mmv1_resources.go:1296
google_iam_workforce_pool_provider_key,Generated,iamworkforcepool,false,iamworkforcepool.ResourceIAMWorkforcePoolWorkforcePoolProviderKey,google-beta/provider/provider_mmv1_resources.go:1297
google_iam_workforce_pool_provider_scim_tenant,Generated,iamworkforcepool,false,iamworkforcepool.ResourceIAMWorkforcePoolWorkforcePoolProviderScimTenant,google-beta/provider/provider_mmv1_resources.go:1298
google_iap_app_engine_service_iam_binding,Generated,iap,true,tpgiamresource.ResourceIamBinding,google-beta/provider/provider_mmv1_resources.go:1299
google_iap_app_engine_service_iam_member,Generated,iap,true,tpgiamresource.ResourceIamMember,google-beta/provider/provider_mmv1_resources.go:1300
google_iap_app_engine_service_iam_policy,Generated,iap,true,tpgiamresource.ResourceIamPolicy,google-beta/provider/provider_mmv1_resources.go:1301
google_iap_app_engine_version_iam_binding,Generated,iap,true,tpgiamresource.ResourceIamBinding,google-beta/provider/provider_mmv1_resources.go:1302
google_iap_app_engine_version_iam_member,Generated,iap,true,tpgiamresource.ResourceIamMember,google-beta/provider/provider_mmv1_resources.go:1303
google_iap_app_engine_version_iam_policy,Generated,iap,true,tpgiamresource.ResourceIamPolicy,google-beta/provider/provider_mmv1_resources.go:1304
google_iap_brand,Generated,iap,false,iap.ResourceIapBrand,google-beta/provider/provider_mmv1_resources.go:1305
google_iap_client,Generated,iap,false,iap.ResourceIapClient,google-beta/provider/provider_mmv1_resources.go:1306
google_iap_web_cloud_run_service_iam_binding,Generated,iap,true,tpgiamresource.ResourceIamBinding,google-beta/provider/provider_mmv1_resources.go:1307
google_iap_web_cloud_run_service_iam_member,Generated,iap,true,tpgiamresource.ResourceIamMember,google-beta/provider/provider_mmv1_resources.go:1308
google_iap_web_cloud_run_service_iam_policy,Generated,iap,true,tpgiamresource.ResourceIamPolicy,google-beta/provider/provider_mmv1_resources.go:1309
google_iap_web_region_forwarding_rule_service_iam_binding,Generated,iap,true,tpgiamresource.ResourceIamBinding,google-beta/provider/provider_mmv1_resources.go:1310
google_iap_web_region_forwarding_rule_service_iam_member,Generated,iap,true,tpgiamresource.ResourceIamMember,google-beta/provider/provider_mmv1_resources.go:1311
google_iap_web_region_forwarding_rule_service_iam_policy,Generated,iap,true,tpgiamresource.ResourceIamPolicy,google-beta/provider/provider_mmv1_resources.go:1312
google_iap_web_forwarding_rule_service_iam_binding,Generated,iap,true,tpgiamresource.ResourceIamBinding,google-beta/provider/provider_mmv1_resources.go:1313
google_iap_web_forwarding_rule_service_iam_member,Generated,iap,true,tpgiamresource.ResourceIamMember,google-beta/provider/provider_mmv1_resources.go:1314
google_iap_web_forwarding_rule_service_iam_policy,Generated,iap,true,tpgiamresource.ResourceIamPolicy,google-beta/provider/provider_mmv1_resources.go:1315
google_iap_settings,Generated,iap,false,iap.ResourceIapSettings,google-beta/provider/provider_mmv1_resources.go:1316
google_iap_tunnel_iam_binding,Generated,iap,true,tpgiamresource.ResourceIamBinding,google-beta/provider/provider_mmv1_resources.go:1317
google_iap_tunnel_iam_member,Generated,iap,true,tpgiamresource.ResourceIamMember,google-beta/provider/provider_mmv1_resources.go:1318
google_iap_tunnel_iam_policy,Generated,iap,true,tpgiamresource.ResourceIamPolicy,google-beta/provider/provider_mmv1_resources.go:1319
google_iap_tunnel_dest_group,Generated,iap,false,iap.ResourceIapTunnelDestGroup,google-beta/provider/provider_mmv1_resources.go:1320
google_iap_tunnel_dest_group_iam_binding,Generated,iap,true,tpgiamresource.ResourceIamBinding,google-beta/provider/provider_mmv1_resources.go:1321
google_iap_tunnel_dest_group_iam_member,Generated,iap,true,tpgiamresource.ResourceIamMember,google-beta/provider/provider_mmv1_resources.go:1322
google_iap_tunnel_dest_group_iam_policy,Generated,iap,true,tpgiamresource.ResourceIamPolicy,google-beta/provider/provider_mmv1_resources.go:1323
google_iap_tunnel_instance_iam_binding,Generated,iap,true,tpgiamresource.ResourceIamBinding,google-beta/provider/provider_mmv1_resources.go:1324
google_iap_tunnel_instance_iam_member,Generated,iap,true,tpgiamresource.ResourceIamMember,google-beta/provider/provider_mmv1_resources.go:1325
google_iap_tunnel_instance_iam_policy,Generated,iap,true,tpgiamresource.ResourceIamPolicy,google-beta/provider/provider_mmv1_resources.go:1326
google_iap_web_iam_binding,Generated,iap,true,tpgiamresource.ResourceIamBinding,google-beta/provider/provider_mmv1_resources.go:1327
google_iap_web_iam_member,Generated,iap,true,tpgiamresource.ResourceIamMember,google-beta/provider/provider_mmv1_resources.go:1328
google_iap_web_iam_policy,Generated,iap,true,tpgiamresource.ResourceIamPolicy,google-beta/provider/provider_mmv1_resources.go:1329
google_iap_web_backend_service_iam_binding,Generated,iap,true,tpgiamresource.ResourceIamBinding,google-beta/provider/provider_mmv1_resources.go:1330
google_iap_web_backend_service_iam_member,Generated,iap,true,tpgiamresource.ResourceIamMember,google-beta/provider/provider_mmv1_resources.go:1331
google_iap_web_backend_service_iam_policy,Generated,iap,true,tpgiamresource.ResourceIamPolicy,google-beta/provider/provider_mmv1_resources.go:1332
google_iap_web_region_backend_service_iam_binding,Generated,iap,true,tpgiamresource.ResourceIamBinding,google-beta/provider/provider_mmv1_resources.go:1333
google_iap_web_region_backend_service_iam_member,Generated,iap,true,tpgiamresource.ResourceIamMember,google-beta/provider/provider_mmv1_resources.go:1334
google_iap_web_region_backend_service_iam_policy,Generated,iap,true,tpgiamresource.ResourceIamPolicy,google-beta/provider/provider_mmv1_resources.go:1335
google_iap_web_type_app_engine_iam_binding,Generated,iap,true,tpgiamresource.ResourceIamBinding,google-beta/provider/provider_mmv1_resources.go:1336
google_iap_web_type_app_engine_iam_member,Generated,iap,true,tpgiamresource.ResourceIamMember,google-beta/provider/provider_mmv1_resources.go:1337
google_iap_web_type_app_engine_iam_policy,Generated,iap,true,tpgiamresource.ResourceIamPolicy,google-beta/provider/provider_mmv1_resources.go:1338
google_iap_web_type_compute_iam_binding,Generated,iap,true,tpgiamresource.ResourceIamBinding,google-beta/provider/provider_mmv1_resources.go:1339
google_iap_web_type_compute_iam_member,Generated,iap,true,tpgiamresource.ResourceIamMember,google-beta/provider/provider_mmv1_resources.go:1340
google_iap_web_type_compute_iam_policy,Generated,iap,true,tpgiamresource.ResourceIamPolicy,google-beta/provider/provider_mmv1_resources.go:1341
google_identity_platform_config,Generated,identityplatform,false,identityplatform.ResourceIdentityPlatformConfig,google-beta/provider/provider_mmv1_resources.go:1342
google_identity_platform_default_supported_idp_config,Generated,identityplatform,false,identityplatform.ResourceIdentityPlatformDefaultSupportedIdpConfig,google-beta/provider/provider_mmv1_resources.go:1343
google_identity_platform_inbound_saml_config,Generated,identityplatform,false,identityplatform.ResourceIdentityPlatformInboundSamlConfig,google-beta/provider/provider_mmv1_resources.go:1344
google_identity_platform_oauth_idp_config,Generated,identityplatform,false,identityplatform.ResourceIdentityPlatformOauthIdpConfig,google-beta/provider/provider_mmv1_resources.go:1345
google_identity_platform_tenant,Generated,identityplatform,false,identityplatform.ResourceIdentityPlatformTenant,google-beta/provider/provider_mmv1_resources.go:1346
google_identity_platform_tenant_default_supported_idp_config,Generated,identityplatform,false,identityplatform.ResourceIdentityPlatformTenantDefaultSupportedIdpConfig,google-beta/provider/provider_mmv1_resources.go:1347
google_identity_platform_tenant_inbound_saml_config,Generated,identityplatform,false,identityplatform.ResourceIdentityPlatformTenantInboundSamlConfig,google-beta/provider/provider_mmv1_resources.go:1348
google_identity_platform_tenant_oauth_idp_config,Generated,identityplatform,false,identityplatform.ResourceIdentityPlatformTenantOauthIdpConfig,google-beta/provider/provider_mmv1_resources.go:1349
google_integration_connectors_connection,Generated,integrationconnectors,false,integrationconnectors.ResourceIntegrationConnectorsConnection,google-beta/provider/provider_mmv1_resources.go:1350
google_integration_connectors_endpoint_attachment,Generated,integrationconnectors,false,integrationconnectors.ResourceIntegrationConnectorsEndpointAttachment,google-beta/provider/provider_mmv1_resources.go:1351
google_integration_connectors_managed_zone,Generated,integrationconnectors,false,integrationconnectors.ResourceIntegrationConnectorsManagedZone,google-beta/provider/provider_mmv1_resources.go:1352
google_integrations_auth_config,Generated,integrations,false,integrations.ResourceIntegrationsAuthConfig,google-beta/provider/provider_mmv1_resources.go:1353
google_integrations_client,Generated,integrations,false,integrations.ResourceIntegrationsClient,google-beta/provider/provider_mmv1_resources.go:1354
google_kms_autokey_config,Generated,kms,false,kms.ResourceKMSAutokeyConfig,google-beta/provider/provider_mmv1_resources.go:1355
google_kms_crypto_key,Generated,kms,false,kms.ResourceKMSCryptoKey,google-beta/provider/provider_mmv1_resources.go:1356
google_kms_crypto_key_version,Generated,kms,false,kms.ResourceKMSCryptoKeyVersion,google-beta/provider/provider_mmv1_resources.go:1357
google_kms_ekm_connection,Generated,kms,false,kms.ResourceKMSEkmConnection,google-beta/provider/provider_mmv1_resources.go:1358
google_kms_ekm_connection_iam_binding,Generated,kms,true,tpgiamresource.ResourceIamBinding,google-beta/provider/provider_mmv1_resources.go:1359
google_kms_ekm_connection_iam_member,Generated,kms,true,tpgiamresource.ResourceIamMember,google-beta/provider/provider_mmv1_resources.go:1360
google_kms_ekm_connection_iam_policy,Generated,kms,true,tpgiamresource.ResourceIamPolicy,google-beta/provider/provider_mmv1_resources.go:1361
google_kms_folder_kaj_policy_config,Generated,kms,false,kms.ResourceKMSFolderKajPolicyConfig,google-beta/provider/provider_mmv1_resources.go:1362
google_kms_key_handle,Generated,kms,false,kms.ResourceKMSKeyHandle,google-beta/provider/provider_mmv1_resources.go:1363
google_kms_key_ring,Generated,kms,false,kms.ResourceKMSKeyRing,google-beta/provider/provider_mmv1_resources.go:1364
google_kms_key_ring_import_job,Generated,kms,false,kms.ResourceKMSKeyRingImportJob,google-beta/provider/provider_mmv1_resources.go:1365
google_kms_organization_kaj_policy_config,Generated,kms,false,kms.ResourceKMSOrganizationKajPolicyConfig,google-beta/provider/provider_mmv1_resources.go:1366
google_kms_project_kaj_policy_config,Generated,kms,false,kms.ResourceKMSProjectKajPolicyConfig,google-beta/provider/provider_mmv1_resources.go:1367
google_kms_secret_ciphertext,Generated,kms,false,kms.ResourceKMSSecretCiphertext,google-beta/provider/provider_mmv1_resources.go:1368
google_logging_folder_settings,Generated,logging,false,logging.ResourceLoggingFolderSettings,google-beta/provider/provider_mmv1_resources.go:1369
google_logging_linked_dataset,Generated,logging,false,logging.ResourceLoggingLinkedDataset,google-beta/provider/provider_mmv1_resources.go:1370
google_logging_log_scope,Generated,logging,false,logging.ResourceLoggingLogScope,google-beta/provider/provider_mmv1_resources.go:1371
google_logging_log_view,Generated,logging,false,logging.ResourceLoggingLogView,google-beta/provider/provider_mmv1_resources.go:1372
google_logging_log_view_iam_binding,Generated,logging,true,tpgiamresource.ResourceIamBinding,google-beta/provider/provider_mmv1_resources.go:1373
google_logging_log_view_iam_member,Generated,logging,true,tpgiamresource.ResourceIamMember,google-beta/provider/provider_mmv1_resources.go:1374
google_logging_log_view_iam_policy,Generated,logging,true,tpgiamresource.ResourceIamPolicy,google-beta/provider/provider_mmv1_resources.go:1375
google_logging_metric,Generated,logging,false,logging.ResourceLoggingMetric,google-beta/provider/provider_mmv1_resources.go:1376
google_logging_organization_settings,Generated,logging,false,logging.ResourceLoggingOrganizationSettings,google-beta/provider/provider_mmv1_resources.go:1377
google_looker_instance,Generated,looker,false,looker.ResourceLookerInstance,google-beta/provider/provider_mmv1_resources.go:1378
google_lustre_instance,Generated,lustre,false,lustre.ResourceLustreInstance,google-beta/provider/provider_mmv1_resources.go:1379
google_managed_kafka_acl,Generated,managedkafka,false,managedkafka.ResourceManagedKafkaAcl,google-beta/provider/provider_mmv1_resources.go:1380
google_managed_kafka_cluster,Generated,managedkafka,false,managedkafka.ResourceManagedKafkaCluster,google-beta/provider/provider_mmv1_resources.go:1381
google_managed_kafka_connect_cluster,Generated,managedkafka,false,managedkafka.ResourceManagedKafkaConnectCluster,google-beta/provider/provider_mmv1_resources.go:1382
google_managed_kafka_connector,Generated,managedkafka,false,managedkafka.ResourceManagedKafkaConnector,google-beta/provider/provider_mmv1_resources.go:1383
google_managed_kafka_topic,Generated,managedkafka,false,managedkafka.ResourceManagedKafkaTopic,google-beta/provider/provider_mmv1_resources.go:1384
google_memcache_instance,Generated,memcache,false,memcache.ResourceMemcacheInstance,google-beta/provider/provider_mmv1_resources.go:1385
google_memorystore_instance,Generated,memorystore,false,memorystore.ResourceMemorystoreInstance,google-beta/provider/provider_mmv1_resources.go:1386
google_memorystore_instance_desired_user_created_endpoints,Generated,memorystore,false,memorystore.ResourceMemorystoreInstanceDesiredUserCreatedEndpoints,google-beta/provider/provider_mmv1_resources.go:1387
google_migration_center_group,Generated,migrationcenter,false,migrationcenter.ResourceMigrationCenterGroup,google-beta/provider/provider_mmv1_resources.go:1388
google_migration_center_preference_set,Generated,migrationcenter,false,migrationcenter.ResourceMigrationCenterPreferenceSet,google-beta/provider/provider_mmv1_resources.go:1389
google_ml_engine_model,Generated,mlengine,false,mlengine.ResourceMLEngineModel,google-beta/provider/provider_mmv1_resources.go:1390
google_model_armor_template,Generated,modelarmor,false,modelarmor.ResourceModelArmorTemplate,google-beta/provider/provider_mmv1_resources.go:1391
google_model_armor_floorsetting,Generated,modelarmorglobal,false,modelarmorglobal.ResourceModelArmorGlobalFloorsetting,google-beta/provider/provider_mmv1_resources.go:1392
google_monitoring_alert_policy,Generated,monitoring,false,monitoring.ResourceMonitoringAlertPolicy,google-beta/provider/provider_mmv1_resources.go:1393
google_monitoring_service,Generated,monitoring,false,monitoring.ResourceMonitoringGenericService,google-beta/provider/provider_mmv1_resources.go:1394
google_monitoring_group,Generated,monitoring,false,monitoring.ResourceMonitoringGroup,google-beta/provider/provider_mmv1_resources.go:1395
google_monitoring_metric_descriptor,Generated,monitoring,false,monitoring.ResourceMonitoringMetricDescriptor,google-beta/provider/provider_mmv1_resources.go:1396
google_monitoring_monitored_project,Generated,monitoring,false,monitoring.ResourceMonitoringMonitoredProject,google-beta/provider/provider_mmv1_resources.go:1397
google_monitoring_notification_channel,Generated,monitoring,false,monitoring.ResourceMonitoringNotificationChannel,google-beta/provider/provider_mmv1_resources.go:1398
google_monitoring_custom_service,Generated,monitoring,false,monitoring.ResourceMonitoringService,google-beta/provider/provider_mmv1_resources.go:1399
google_monitoring_slo,Generated,monitoring,false,monitoring.ResourceMonitoringSlo,google-beta/provider/provider_mmv1_resources.go:1400
google_monitoring_uptime_check_config,Generated,monitoring,false,monitoring.ResourceMonitoringUptimeCheckConfig,google-beta/provider/provider_mmv1_resources.go:1401
google_netapp_active_directory,Generated,netapp,false,netapp.ResourceNetappActiveDirectory,google-beta/provider/provider_mmv1_resources.go:1402
google_netapp_backup,Generated,netapp,false,netapp.ResourceNetappBackup,google-beta/provider/provider_mmv1_resources.go:1403
google_netapp_backup_policy,Generated,netapp,false,netapp.ResourceNetappBackupPolicy,google-beta/provider/provider_mmv1_resources.go:1404
google_netapp_backup_vault,Generated,netapp,false,netapp.ResourceNetappBackupVault,google-beta/provider/provider_mmv1_resources.go:1405
google_netapp_host_group,Generated,netapp,false,netapp.ResourceNetappHostGroup,google-beta/provider/provider_mmv1_resources.go:1406
google_netapp_storage_pool,Generated,netapp,false,netapp.ResourceNetappStoragePool,google-beta/provider/provider_mmv1_resources.go:1407
google_netapp_volume,Generated,netapp,false,netapp.ResourceNetappVolume,google-beta/provider/provider_mmv1_resources.go:1408
google_netapp_volume_quota_rule,Generated,netapp,false,netapp.ResourceNetappVolumeQuotaRule,google-beta/provider/provider_mmv1_resources.go:1409
google_netapp_volume_replication,Generated,netapp,false,netapp.ResourceNetappVolumeReplication,google-beta/provider/provider_mmv1_resources.go:1410
google_netapp_volume_snapshot,Generated,netapp,false,netapp.ResourceNetappVolumeSnapshot,google-beta/provider/provider_mmv1_resources.go:1411
google_netapp_kmsconfig,Generated,netapp,false,netapp.ResourceNetappkmsconfig,google-beta/provider/provider_mmv1_resources.go:1412
google_network_connectivity_group,Generated,networkconnectivity,false,networkconnectivity.ResourceNetworkConnectivityGroup,google-beta/provider/provider_mmv1_resources.go:1413
google_network_connectivity_hub,Generated,networkconnectivity,false,networkconnectivity.ResourceNetworkConnectivityHub,google-beta/provider/provider_mmv1_resources.go:1414
google_network_connectivity_policy_based_route,Generated,networkconnectivity,false,networkconnectivity.ResourceNetworkConnectivityPolicyBasedRoute,google-beta/provider/provider_mmv1_resources.go:1415
google_network_connectivity_regional_endpoint,Generated,networkconnectivity,false,networkconnectivity.ResourceNetworkConnectivityRegionalEndpoint,google-beta/provider/provider_mmv1_resources.go:1416
google_network_connectivity_spoke,Generated,networkconnectivity,false,networkconnectivity.ResourceNetworkConnectivitySpoke,google-beta/provider/provider_mmv1_resources.go:1417
google_network_connectivity_internal_range,Generated,networkconnectivityv1,false,networkconnectivityv1.ResourceNetworkConnectivityv1InternalRange,google-beta/provider/provider_mmv1_resources.go:1418
google_network_connectivity_service_connection_policy,Generated,networkconnectivityv1,false,networkconnectivityv1.ResourceNetworkConnectivityv1ServiceConnectionPolicy,google-beta/provider/provider_mmv1_resources.go:1419
google_network_management_connectivity_test,Generated,networkmanagement,false,networkmanagement.ResourceNetworkManagementConnectivityTest,google-beta/provider/provider_mmv1_resources.go:1420
google_network_management_organization_vpc_flow_logs_config,Generated,networkmanagement,false,networkmanagement.ResourceNetworkManagementOrganizationVpcFlowLogsConfig,google-beta/provider/provider_mmv1_resources.go:1421
google_network_management_vpc_flow_logs_config,Generated,networkmanagement,false,networkmanagement.ResourceNetworkManagementVpcFlowLogsConfig,google-beta/provider/provider_mmv1_resources.go:1422
google_network_security_address_group,Generated,networksecurity,false,networksecurity.ResourceNetworkSecurityAddressGroup,google-beta/provider/provider_mmv1_resources.go:1423
google_network_security_authorization_policy,Generated,networksecurity,false,networksecurity.ResourceNetworkSecurityAuthorizationPolicy,google-beta/provider/provider_mmv1_resources.go:1424
google_network_security_authz_policy,Generated,networksecurity,false,networksecurity.ResourceNetworkSecurityAuthzPolicy,google-beta/provider/provider_mmv1_resources.go:1425
google_network_security_backend_authentication_config,Generated,networksecurity,false,networksecurity.ResourceNetworkSecurityBackendAuthenticationConfig,google-beta/provider/provider_mmv1_resources.go:1426
google_network_security_client_tls_policy,Generated,networksecurity,false,networksecurity.ResourceNetworkSecurityClientTlsPolicy,google-beta/provider/provider_mmv1_resources.go:1427
google_network_security_dns_threat_detector,Generated,networksecurity,false,networksecurity.ResourceNetworkSecurityDnsThreatDetector,google-beta/provider/provider_mmv1_resources.go:1428
google_network_security_firewall_endpoint,Generated,networksecurity,false,networksecurity.ResourceNetworkSecurityFirewallEndpoint,google-beta/provider/provider_mmv1_resources.go:1429
google_network_security_firewall_endpoint_association,Generated,networksecurity,false,networksecurity.ResourceNetworkSecurityFirewallEndpointAssociation,google-beta/provider/provider_mmv1_resources.go:1430
google_network_security_gateway_security_policy,Generated,networksecurity,false,networksecurity.ResourceNetworkSecurityGatewaySecurityPolicy,google-beta/provider/provider_mmv1_resources.go:1431
google_network_security_gateway_security_policy_rule,Generated,networksecurity,false,networksecurity.ResourceNetworkSecurityGatewaySecurityPolicyRule,google-beta/provider/provider_mmv1_resources.go:1432
google_network_security_intercept_deployment,Generated,networksecurity,false,networksecurity.ResourceNetworkSecurityInterceptDeployment,google-beta/provider/provider_mmv1_resources.go:1433
google_network_security_intercept_deployment_group,Generated,networksecurity,false,networksecurity.ResourceNetworkSecurityInterceptDeploymentGroup,google-beta/provider/provider_mmv1_resources.go:1434
google_network_security_intercept_endpoint_group,Generated,networksecurity,false,networksecurity.ResourceNetworkSecurityInterceptEndpointGroup,google-beta/provider/provider_mmv1_resources.go:1435
google_network_security_intercept_endpoint_group_association,Generated,networksecurity,false,networksecurity.ResourceNetworkSecurityInterceptEndpointGroupAssociation,google-beta/provider/provider_mmv1_resources.go:1436
google_network_security_mirroring_deployment,Generated,networksecurity,false,networksecurity.ResourceNetworkSecurityMirroringDeployment,google-beta/provider/provider_mmv1_resources.go:1437
google_network_security_mirroring_deployment_group,Generated,networksecurity,false,networksecurity.ResourceNetworkSecurityMirroringDeploymentGroup,google-beta/provider/provider_mmv1_resources.go:1438
google_network_security_mirroring_endpoint,Generated,networksecurity,false,networksecurity.ResourceNetworkSecurityMirroringEndpoint,google-beta/provider/provider_mmv1_resources.go:1439
google_network_security_mirroring_endpoint_group,Generated,networksecurity,false,networksecurity.ResourceNetworkSecurityMirroringEndpointGroup,google-beta/provider/provider_mmv1_resources.go:1440
google_network_security_mirroring_endpoint_group_association,Generated,networksecurity,false,networksecurity.ResourceNetworkSecurityMirroringEndpointGroupAssociation,google-beta/provider/provider_mmv1_resources.go:1441
google_network_security_address_group_iam_binding,Generated,networksecurity,true,tpgiamresource.ResourceIamBinding,google-beta/provider/provider_mmv1_resources.go:1442
google_network_security_address_group_iam_member,Generated,networksecurity,true,tpgiamresource.ResourceIamMember,google-beta/provider/provider_mmv1_resources.go:1443
google_network_security_address_group_iam_policy,Generated,networksecurity,true,tpgiamresource.ResourceIamPolicy,google-beta/provider/provider_mmv1_resources.go:1444
google_network_security_security_profile,Generated,networksecurity,false,networksecurity.ResourceNetworkSecuritySecurityProfile,google-beta/provider/provider_mmv1_resources.go:1445
google_network_security_security_profile_group,Generated,networksecurity,false,networksecurity.ResourceNetworkSecuritySecurityProfileGroup,google-beta/provider/provider_mmv1_resources.go:1446
google_network_security_server_tls_policy,Generated,networksecurity,false,networksecurity.ResourceNetworkSecurityServerTlsPolicy,google-beta/provider/provider_mmv1_resources.go:1447
google_network_security_tls_inspection_policy,Generated,networksecurity,false,networksecurity.ResourceNetworkSecurityTlsInspectionPolicy,google-beta/provider/provider_mmv1_resources.go:1448
google_network_security_url_lists,Generated,networksecurity,false,networksecurity.ResourceNetworkSecurityUrlLists,google-beta/provider/provider_mmv1_resources.go:1449
google_network_services_authz_extension,Generated,networkservices,false,networkservices.ResourceNetworkServicesAuthzExtension,google-beta/provider/provider_mmv1_resources.go:1450
google_network_services_edge_cache_keyset,Generated,networkservices,false,networkservices.ResourceNetworkServicesEdgeCacheKeyset,google-beta/provider/provider_mmv1_resources.go:1451
google_network_services_edge_cache_origin,Generated,networkservices,false,networkservices.ResourceNetworkServicesEdgeCacheOrigin,google-beta/provider/provider_mmv1_resources.go:1452
google_network_services_edge_cache_service,Generated,networkservices,false,networkservices.ResourceNetworkServicesEdgeCacheService,google-beta/provider/provider_mmv1_resources.go:1453
google_network_services_endpoint_policy,Generated,networkservices,false,networkservices.ResourceNetworkServicesEndpointPolicy,google-beta/provider/provider_mmv1_resources.go:1454
google_network_services_gateway,Generated,networkservices,false,networkservices.ResourceNetworkServicesGateway,google-beta/provider/provider_mmv1_resources.go:1455
google_network_services_grpc_route,Generated,networkservices,false,networkservices.ResourceNetworkServicesGrpcRoute,google-beta/provider/provider_mmv1_resources.go:1456
google_network_services_http_route,Generated,networkservices,false,networkservices.ResourceNetworkServicesHttpRoute,google-beta/provider/provider_mmv1_resources.go:1457
google_network_services_lb_route_extension,Generated,networkservices,false,networkservices.ResourceNetworkServicesLbRouteExtension,google-beta/provider/provider_mmv1_resources.go:1458
google_network_services_lb_traffic_extension,Generated,networkservices,false,networkservices.ResourceNetworkServicesLbTrafficExtension,google-beta/provider/provider_mmv1_resources.go:1459
google_network_services_mesh,Generated,networkservices,false,networkservices.ResourceNetworkServicesMesh,google-beta/provider/provider_mmv1_resources.go:1460
google_network_services_multicast_domain,Generated,networkservices,false,networkservices.ResourceNetworkServicesMulticastDomain,google-beta/provider/provider_mmv1_resources.go:1461
google_network_services_service_binding,Generated,networkservices,false,networkservices.ResourceNetworkServicesServiceBinding,google-beta/provider/provider_mmv1_resources.go:1462
google_network_services_service_lb_policies,Generated,networkservices,false,networkservices.ResourceNetworkServicesServiceLbPolicies,google-beta/provider/provider_mmv1_resources.go:1463
google_network_services_tcp_route,Generated,networkservices,false,networkservices.ResourceNetworkServicesTcpRoute,google-beta/provider/provider_mmv1_resources.go:1464
google_network_services_tls_route,Generated,networkservices,false,networkservices.ResourceNetworkServicesTlsRoute,google-beta/provider/provider_mmv1_resources.go:1465
google_network_services_wasm_plugin,Generated,networkservices,false,networkservices.ResourceNetworkServicesWasmPlugin,google-beta/provider/provider_mmv1_resources.go:1466
google_notebooks_environment,Generated,notebooks,false,notebooks.ResourceNotebooksEnvironment,google-beta/provider/provider_mmv1_resources.go:1467
google_notebooks_instance,Generated,notebooks,false,notebooks.ResourceNotebooksInstance,google-beta/provider/provider_mmv1_resources.go:1468
google_notebooks_instance_iam_binding,Generated,notebooks,true,tpgiamresource.ResourceIamBinding,google-beta/provider/provider_mmv1_resources.go:1469
google_notebooks_instance_iam_member,Generated,notebooks,true,tpgiamresource.ResourceIamMember,google-beta/provider/provider_mmv1_resources.go:1470
google_notebooks_instance_iam_policy,Generated,notebooks,true,tpgiamresource.ResourceIamPolicy,google-beta/provider/provider_mmv1_resources.go:1471
google_notebooks_runtime,Generated,notebooks,false,notebooks.ResourceNotebooksRuntime,google-beta/provider/provider_mmv1_resources.go:1472
google_notebooks_runtime_iam_binding,Generated,notebooks,true,tpgiamresource.ResourceIamBinding,google-beta/provider/provider_mmv1_resources.go:1473
google_notebooks_runtime_iam_member,Generated,notebooks,true,tpgiamresource.ResourceIamMember,google-beta/provider/provider_mmv1_resources.go:1474
google_notebooks_runtime_iam_policy,Generated,notebooks,true,tpgiamresource.ResourceIamPolicy,google-beta/provider/provider_mmv1_resources.go:1475
google_observability_trace_scope,Generated,observability,false,observability.ResourceObservabilityTraceScope,google-beta/provider/provider_mmv1_resources.go:1476
google_oracle_database_autonomous_database,Generated,oracledatabase,false,oracledatabase.ResourceOracleDatabaseAutonomousDatabase,google-beta/provider/provider_mmv1_resources.go:1477
google_oracle_database_cloud_exadata_infrastructure,Generated,oracledatabase,false,oracledatabase.ResourceOracleDatabaseCloudExadataInfrastructure,google-beta/provider/provider_mmv1_resources.go:1478
google_oracle_database_cloud_vm_cluster,Generated,oracledatabase,false,oracledatabase.ResourceOracleDatabaseCloudVmCluster,google-beta/provider/provider_mmv1_resources.go:1479
google_oracle_database_db_system,Generated,oracledatabase,false,oracledatabase.ResourceOracleDatabaseDbSystem,google-beta/provider/provider_mmv1_resources.go:1480
google_oracle_database_odb_network,Generated,oracledatabase,false,oracledatabase.ResourceOracleDatabaseOdbNetwork,google-beta/provider/provider_mmv1_resources.go:1481
google_oracle_database_odb_subnet,Generated,oracledatabase,false,oracledatabase.ResourceOracleDatabaseOdbSubnet,google-beta/provider/provider_mmv1_resources.go:1482
google_org_policy_custom_constraint,Generated,orgpolicy,false,orgpolicy.ResourceOrgPolicyCustomConstraint,google-beta/provider/provider_mmv1_resources.go:1483
google_org_policy_policy,Generated,orgpolicy,false,orgpolicy.ResourceOrgPolicyPolicy,google-beta/provider/provider_mmv1_resources.go:1484
google_os_config_guest_policies,Generated,osconfig,false,osconfig.ResourceOSConfigGuestPolicies,google-beta/provider/provider_mmv1_resources.go:1485
google_os_config_patch_deployment,Generated,osconfig,false,osconfig.ResourceOSConfigPatchDeployment,google-beta/provider/provider_mmv1_resources.go:1486
google_os_config_v2_policy_orchestrator,Generated,osconfigv2,false,osconfigv2.ResourceOSConfigV2PolicyOrchestrator,google-beta/provider/provider_mmv1_resources.go:1487
google_os_config_v2_policy_orchestrator_for_folder,Generated,osconfigv2,false,osconfigv2.ResourceOSConfigV2PolicyOrchestratorForFolder,google-beta/provider/provider_mmv1_resources.go:1488
google_os_config_v2_policy_orchestrator_for_organization,Generated,osconfigv2,false,osconfigv2.ResourceOSConfigV2PolicyOrchestratorForOrganization,google-beta/provider/provider_mmv1_resources.go:1489
google_os_login_ssh_public_key,Generated,oslogin,false,oslogin.ResourceOSLoginSSHPublicKey,google-beta/provider/provider_mmv1_resources.go:1490
google_parallelstore_instance,Generated,parallelstore,false,parallelstore.ResourceParallelstoreInstance,google-beta/provider/provider_mmv1_resources.go:1491
google_parameter_manager_parameter,Generated,parametermanager,false,parametermanager.ResourceParameterManagerParameter,google-beta/provider/provider_mmv1_resources.go:1492
google_parameter_manager_parameter_version,Generated,parametermanager,false,parametermanager.ResourceParameterManagerParameterVersion,google-beta/provider/provider_mmv1_resources.go:1493
google_parameter_manager_regional_parameter,Generated,parametermanagerregional,false,parametermanagerregional.ResourceParameterManagerRegionalRegionalParameter,google-beta/provider/provider_mmv1_resources.go:1494
google_parameter_manager_regional_parameter_version,Generated,parametermanagerregional,false,parametermanagerregional.ResourceParameterManagerRegionalRegionalParameterVersion,google-beta/provider/provider_mmv1_resources.go:1495
google_privateca_ca_pool,Generated,privateca,false,privateca.ResourcePrivatecaCaPool,google-beta/provider/provider_mmv1_resources.go:1496
google_privateca_ca_pool_iam_binding,Generated,privateca,true,tpgiamresource.ResourceIamBinding,google-beta/provider/provider_mmv1_resources.go:1497
google_privateca_ca_pool_iam_member,Generated,privateca,true,tpgiamresource.ResourceIamMember,google-beta/provider/provider_mmv1_resources.go:1498
google_privateca_ca_pool_iam_policy,Generated,privateca,true,tpgiamresource.ResourceIamPolicy,google-beta/provider/provider_mmv1_resources.go:1499
google_privateca_certificate,Generated,privateca,false,privateca.ResourcePrivatecaCertificate,google-beta/provider/provider_mmv1_resources.go:1500
google_privateca_certificate_authority,Generated,privateca,false,privateca.ResourcePrivatecaCertificateAuthority,google-beta/provider/provider_mmv1_resources.go:1501
google_privateca_certificate_template,Generated,privateca,false,privateca.ResourcePrivatecaCertificateTemplate,google-beta/provider/provider_mmv1_resources.go:1502
google_privateca_certificate_template_iam_binding,Generated,privateca,true,tpgiamresource.ResourceIamBinding,google-beta/provider/provider_mmv1_resources.go:1503
google_privateca_certificate_template_iam_member,Generated,privateca,true,tpgiamresource.ResourceIamMember,google-beta/provider/provider_mmv1_resources.go:1504
google_privateca_certificate_template_iam_policy,Generated,privateca,true,tpgiamresource.ResourceIamPolicy,google-beta/provider/provider_mmv1_resources.go:1505
google_privileged_access_manager_entitlement,Generated,privilegedaccessmanager,false,privilegedaccessmanager.ResourcePrivilegedAccessManagerEntitlement,google-beta/provider/provider_mmv1_resources.go:1506
google_privileged_access_manager_settings,Generated,privilegedaccessmanager,false,privilegedaccessmanager.ResourcePrivilegedAccessManagerSettings,google-beta/provider/provider_mmv1_resources.go:1507
google_public_ca_external_account_key,Generated,publicca,false,publicca.ResourcePublicCAExternalAccountKey,google-beta/provider/provider_mmv1_resources.go:1508
google_pubsub_schema,Generated,pubsub,false,pubsub.ResourcePubsubSchema,google-beta/provider/provider_mmv1_resources.go:1509
google_pubsub_schema_iam_binding,Generated,pubsub,true,tpgiamresource.ResourceIamBinding,google-beta/provider/provider_mmv1_resources.go:1510
google_pubsub_schema_iam_member,Generated,pubsub,true,tpgiamresource.ResourceIamMember,google-beta/provider/provider_mmv1_resources.go:1511
google_pubsub_schema_iam_policy,Generated,pubsub,true,tpgiamresource.ResourceIamPolicy,google-beta/provider/provider_mmv1_resources.go:1512
google_pubsub_subscription,Generated,pubsub,false,pubsub.ResourcePubsubSubscription,google-beta/provider/provider_mmv1_resources.go:1513
google_pubsub_topic,Generated,pubsub,false,pubsub.ResourcePubsubTopic,google-beta/provider/provider_mmv1_resources.go:1514
google_pubsub_topic_iam_binding,Generated,pubsub,true,tpgiamresource.ResourceIamBinding,google-beta/provider/provider_mmv1_resources.go:1515
google_pubsub_topic_iam_member,Generated,pubsub,true,tpgiamresource.ResourceIamMember,google-beta/provider/provider_mmv1_resources.go:1516
google_pubsub_topic_iam_policy,Generated,pubsub,true,tpgiamresource.ResourceIamPolicy,google-beta/provider/provider_mmv1_resources.go:1517
google_pubsub_lite_reservation,Generated,pubsublite,false,pubsublite.ResourcePubsubLiteReservation,google-beta/provider/provider_mmv1_resources.go:1518
google_pubsub_lite_subscription,Generated,pubsublite,false,pubsublite.ResourcePubsubLiteSubscription,google-beta/provider/provider_mmv1_resources.go:1519
google_pubsub_lite_topic,Generated,pubsublite,false,pubsublite.ResourcePubsubLiteTopic,google-beta/provider/provider_mmv1_resources.go:1520
google_redis_cluster,Generated,redis,false,redis.ResourceRedisCluster,google-beta/provider/provider_mmv1_resources.go:1521
google_redis_cluster_user_created_connections,Generated,redis,false,redis.ResourceRedisClusterUserCreatedConnections,google-beta/provider/provider_mmv1_resources.go:1522
google_redis_instance,Generated,redis,false,redis.ResourceRedisInstance,google-beta/provider/provider_mmv1_resources.go:1523
google_resource_manager_lien,Generated,resourcemanager,false,resourcemanager.ResourceResourceManagerLien,google-beta/provider/provider_mmv1_resources.go:1524
google_resource_manager_capability,Generated,resourcemanager3,false,resourcemanager3.ResourceResourceManager3Capability,google-beta/provider/provider_mmv1_resources.go:1525
google_runtimeconfig_config_iam_binding,Generated,runtimeconfig,true,tpgiamresource.ResourceIamBinding,google-beta/provider/provider_mmv1_resources.go:1526
google_runtimeconfig_config_iam_member,Generated,runtimeconfig,true,tpgiamresource.ResourceIamMember,google-beta/provider/provider_mmv1_resources.go:1527
google_runtimeconfig_config_iam_policy,Generated,runtimeconfig,true,tpgiamresource.ResourceIamPolicy,google-beta/provider/provider_mmv1_resources.go:1528
google_saas_runtime_release,Generated,saasruntime,false,saasruntime.ResourceSaasRuntimeRelease,google-beta/provider/provider_mmv1_resources.go:1529
google_saas_runtime_rollout_kind,Generated,saasruntime,false,saasruntime.ResourceSaasRuntimeRolloutKind,google-beta/provider/provider_mmv1_resources.go:1530
google_saas_runtime_saas,Generated,saasruntime,false,saasruntime.ResourceSaasRuntimeSaas,google-beta/provider/provider_mmv1_resources.go:1531
google_saas_runtime_tenant,Generated,saasruntime,false,saasruntime.ResourceSaasRuntimeTenant,google-beta/provider/provider_mmv1_resources.go:1532
google_saas_runtime_unit,Generated,saasruntime,false,saasruntime.ResourceSaasRuntimeUnit,google-beta/provider/provider_mmv1_resources.go:1533
google_saas_runtime_unit_kind,Generated,saasruntime,false,saasruntime.ResourceSaasRuntimeUnitKind,google-beta/provider/provider_mmv1_resources.go:1534
google_secret_manager_secret,Generated,secretmanager,false,secretmanager.ResourceSecretManagerSecret,google-beta/provider/provider_mmv1_resources.go:1535
google_secret_manager_secret_iam_binding,Generated,secretmanager,true,tpgiamresource.ResourceIamBinding,google-beta/provider/provider_mmv1_resources.go:1536
google_secret_manager_secret_iam_member,Generated,secretmanager,true,tpgiamresource.ResourceIamMember,google-beta/provider/provider_mmv1_resources.go:1537
google_secret_manager_secret_iam_policy,Generated,secretmanager,true,tpgiamresource.ResourceIamPolicy,google-beta/provider/provider_mmv1_resources.go:1538
google_secret_manager_secret_version,Generated,secretmanager,false,secretmanager.ResourceSecretManagerSecretVersion,google-beta/provider/provider_mmv1_resources.go:1539
google_secret_manager_regional_secret,Generated,secretmanagerregional,false,secretmanagerregional.ResourceSecretManagerRegionalRegionalSecret,google-beta/provider/provider_mmv1_resources.go:1540
google_secret_manager_regional_secret_iam_binding,Generated,secretmanagerregional,true,tpgiamresource.ResourceIamBinding,google-beta/provider/provider_mmv1_resources.go:1541
google_secret_manager_regional_secret_iam_member,Generated,secretmanagerregional,true,tpgiamresource.ResourceIamMember,google-beta/provider/provider_mmv1_resources.go:1542
google_secret_manager_regional_secret_iam_policy,Generated,secretmanagerregional,true,tpgiamresource.ResourceIamPolicy,google-beta/provider/provider_mmv1_resources.go:1543
google_secret_manager_regional_secret_version,Generated,secretmanagerregional,false,secretmanagerregional.ResourceSecretManagerRegionalRegionalSecretVersion,google-beta/provider/provider_mmv1_resources.go:1544
google_secure_source_manager_branch_rule,Generated,securesourcemanager,false,securesourcemanager.ResourceSecureSourceManagerBranchRule,google-beta/provider/provider_mmv1_resources.go:1545
google_secure_source_manager_hook,Generated,securesourcemanager,false,securesourcemanager.ResourceSecureSourceManagerHook,google-beta/provider/provider_mmv1_resources.go:1546
google_secure_source_manager_instance,Generated,securesourcemanager,false,securesourcemanager.ResourceSecureSourceManagerInstance,google-beta/provider/provider_mmv1_resources.go:1547
google_secure_source_manager_instance_iam_binding,Generated,securesourcemanager,true,tpgiamresource.ResourceIamBinding,google-beta/provider/provider_mmv1_resources.go:1548
google_secure_source_manager_instance_iam_member,Generated,securesourcemanager,true,tpgiamresource.ResourceIamMember,google-beta/provider/provider_mmv1_resources.go:1549
google_secure_source_manager_instance_iam_policy,Generated,securesourcemanager,true,tpgiamresource.ResourceIamPolicy,google-beta/provider/provider_mmv1_resources.go:1550
google_secure_source_manager_repository,Generated,securesourcemanager,false,securesourcemanager.ResourceSecureSourceManagerRepository,google-beta/provider/provider_mmv1_resources.go:1551
google_secure_source_manager_repository_iam_binding,Generated,securesourcemanager,true,tpgiamresource.ResourceIamBinding,google-beta/provider/provider_mmv1_resources.go:1552
google_secure_source_manager_repository_iam_member,Generated,securesourcemanager,true,tpgiamresource.ResourceIamMember,google-beta/provider/provider_mmv1_resources.go:1553
google_secure_source_manager_repository_iam_policy,Generated,securesourcemanager,true,tpgiamresource.ResourceIamPolicy,google-beta/provider/provider_mmv1_resources.go:1554
google_scc_event_threat_detection_custom_module,Generated,securitycenter,false,securitycenter.ResourceSecurityCenterEventThreatDetectionCustomModule,google-beta/provider/provider_mmv1_resources.go:1555
google_scc_folder_custom_module,Generated,securitycenter,false,securitycenter.ResourceSecurityCenterFolderCustomModule,google-beta/provider/provider_mmv1_resources.go:1556
google_scc_folder_notification_config,Generated,securitycenter,false,securitycenter.ResourceSecurityCenterFolderNotificationConfig,google-beta/provider/provider_mmv1_resources.go:1557
google_scc_folder_scc_big_query_export,Generated,securitycenter,false,securitycenter.ResourceSecurityCenterFolderSccBigQueryExport,google-beta/provider/provider_mmv1_resources.go:1558
google_scc_mute_config,Generated,securitycenter,false,securitycenter.ResourceSecurityCenterMuteConfig,google-beta/provider/provider_mmv1_resources.go:1559
google_scc_notification_config,Generated,securitycenter,false,securitycenter.ResourceSecurityCenterNotificationConfig,google-beta/provider/provider_mmv1_resources.go:1560
google_scc_organization_custom_module,Generated,securitycenter,false,securitycenter.ResourceSecurityCenterOrganizationCustomModule,google-beta/provider/provider_mmv1_resources.go:1561
google_scc_organization_scc_big_query_export,Generated,securitycenter,false,securitycenter.ResourceSecurityCenterOrganizationSccBigQueryExport,google-beta/provider/provider_mmv1_resources.go:1562
google_scc_project_custom_module,Generated,securitycenter,false,securitycenter.ResourceSecurityCenterProjectCustomModule,google-beta/provider/provider_mmv1_resources.go:1563
google_scc_project_notification_config,Generated,securitycenter,false,securitycenter.ResourceSecurityCenterProjectNotificationConfig,google-beta/provider/provider_mmv1_resources.go:1564
google_scc_project_scc_big_query_export,Generated,securitycenter,false,securitycenter.ResourceSecurityCenterProjectSccBigQueryExport,google-beta/provider/provider_mmv1_resources.go:1565
google_scc_source,Generated,securitycenter,false,securitycenter.ResourceSecurityCenterSource,google-beta/provider/provider_mmv1_resources.go:1566
google_scc_source_iam_binding,Generated,securitycenter,true,tpgiamresource.ResourceIamBinding,google-beta/provider/provider_mmv1_resources.go:1567
google_scc_source_iam_member,Generated,securitycenter,true,tpgiamresource.ResourceIamMember,google-beta/provider/provider_mmv1_resources.go:1568
google_scc_source_iam_policy,Generated,securitycenter,true,tpgiamresource.ResourceIamPolicy,google-beta/provider/provider_mmv1_resources.go:1569
google_scc_management_folder_security_health_analytics_custom_module,Generated,securitycentermanagement,false,securitycentermanagement.ResourceSecurityCenterManagementFolderSecurityHealthAnalyticsCustomModule,google-beta/provider/provider_mmv1_resources.go:1570
google_scc_management_organization_event_threat_detection_custom_module,Generated,securitycentermanagement,false,securitycentermanagement.ResourceSecurityCenterManagementOrganizationEventThreatDetectionCustomModule,google-beta/provider/provider_mmv1_resources.go:1571
google_scc_management_organization_security_health_analytics_custom_module,Generated,securitycentermanagement,false,securitycentermanagement.ResourceSecurityCenterManagementOrganizationSecurityHealthAnalyticsCustomModule,google-beta/provider/provider_mmv1_resources.go:1572
google_scc_management_project_security_health_analytics_custom_module,Generated,securitycentermanagement,false,securitycentermanagement.ResourceSecurityCenterManagementProjectSecurityHealthAnalyticsCustomModule,google-beta/provider/provider_mmv1_resources.go:1573
google_scc_v2_folder_mute_config,Generated,securitycenterv2,false,securitycenterv2.ResourceSecurityCenterV2FolderMuteConfig,google-beta/provider/provider_mmv1_resources.go:1574
google_scc_v2_folder_notification_config,Generated,securitycenterv2,false,securitycenterv2.ResourceSecurityCenterV2FolderNotificationConfig,google-beta/provider/provider_mmv1_resources.go:1575
google_scc_v2_folder_scc_big_query_export,Generated,securitycenterv2,false,securitycenterv2.ResourceSecurityCenterV2FolderSccBigQueryExport,google-beta/provider/provider_mmv1_resources.go:1576
google_scc_v2_organization_mute_config,Generated,securitycenterv2,false,securitycenterv2.ResourceSecurityCenterV2OrganizationMuteConfig,google-beta/provider/provider_mmv1_resources.go:1577
google_scc_v2_organization_notification_config,Generated,securitycenterv2,false,securitycenterv2.ResourceSecurityCenterV2OrganizationNotificationConfig,google-beta/provider/provider_mmv1_resources.go:1578
google_scc_v2_organization_scc_big_query_export,Generated,securitycenterv2,false,securitycenterv2.ResourceSecurityCenterV2OrganizationSccBigQueryExport,google-beta/provider/provider_mmv1_resources.go:1579
google_scc_v2_organization_scc_big_query_exports,Generated,securitycenterv2,false,securitycenterv2.ResourceSecurityCenterV2OrganizationSccBigQueryExports,google-beta/provider/provider_mmv1_resources.go:1580
google_scc_v2_organization_source,Generated,securitycenterv2,false,securitycenterv2.ResourceSecurityCenterV2OrganizationSource,google-beta/provider/provider_mmv1_resources.go:1581
google_scc_v2_organization_source_iam_binding,Generated,securitycenterv2,true,tpgiamresource.ResourceIamBinding,google-beta/provider/provider_mmv1_resources.go:1582
google_scc_v2_organization_source_iam_member,Generated,securitycenterv2,true,tpgiamresource.ResourceIamMember,google-beta/provider/provider_mmv1_resources.go:1583
google_scc_v2_organization_source_iam_policy,Generated,securitycenterv2,true,tpgiamresource.ResourceIamPolicy,google-beta/provider/provider_mmv1_resources.go:1584
google_scc_v2_project_mute_config,Generated,securitycenterv2,false,securitycenterv2.ResourceSecurityCenterV2ProjectMuteConfig,google-beta/provider/provider_mmv1_resources.go:1585
google_scc_v2_project_notification_config,Generated,securitycenterv2,false,securitycenterv2.ResourceSecurityCenterV2ProjectNotificationConfig,google-beta/provider/provider_mmv1_resources.go:1586
google_scc_v2_project_scc_big_query_export,Generated,securitycenterv2,false,securitycenterv2.ResourceSecurityCenterV2ProjectSccBigQueryExport,google-beta/provider/provider_mmv1_resources.go:1587
google_securityposture_posture,Generated,securityposture,false,securityposture.ResourceSecurityposturePosture,google-beta/provider/provider_mmv1_resources.go:1588
google_securityposture_posture_deployment,Generated,securityposture,false,securityposture.ResourceSecurityposturePostureDeployment,google-beta/provider/provider_mmv1_resources.go:1589
google_security_scanner_scan_config,Generated,securityscanner,false,securityscanner.ResourceSecurityScannerScanConfig,google-beta/provider/provider_mmv1_resources.go:1590
google_service_directory_endpoint,Generated,servicedirectory,false,servicedirectory.ResourceServiceDirectoryEndpoint,google-beta/provider/provider_mmv1_resources.go:1591
google_service_directory_namespace,Generated,servicedirectory,false,servicedirectory.ResourceServiceDirectoryNamespace,google-beta/provider/provider_mmv1_resources.go:1592
google_service_directory_namespace_iam_binding,Generated,servicedirectory,true,tpgiamresource.ResourceIamBinding,google-beta/provider/provider_mmv1_resources.go:1593
google_service_directory_namespace_iam_member,Generated,servicedirectory,true,tpgiamresource.ResourceIamMember,google-beta/provider/provider_mmv1_resources.go:1594
google_service_directory_namespace_iam_policy,Generated,servicedirectory,true,tpgiamresource.ResourceIamPolicy,google-beta/provider/provider_mmv1_resources.go:1595
google_service_directory_service,Generated,servicedirectory,false,servicedirectory.ResourceServiceDirectoryService,google-beta/provider/provider_mmv1_resources.go:1596
google_service_directory_service_iam_binding,Generated,servicedirectory,true,tpgiamresource.ResourceIamBinding,google-beta/provider/provider_mmv1_resources.go:1597
google_service_directory_service_iam_member,Generated,servicedirectory,true,tpgiamresource.ResourceIamMember,google-beta/provider/provider_mmv1_resources.go:1598
google_service_directory_service_iam_policy,Generated,servicedirectory,true,tpgiamresource.ResourceIamPolicy,google-beta/provider/provider_mmv1_resources.go:1599
google_endpoints_service_iam_binding,Generated,servicemanagement,true,tpgiamresource.ResourceIamBinding,google-beta/provider/provider_mmv1_resources.go:1600
google_endpoints_service_iam_member,Generated,servicemanagement,true,tpgiamresource.ResourceIamMember,google-beta/provider/provider_mmv1_resources.go:1601
google_endpoints_service_iam_policy,Generated,servicemanagement,true,tpgiamresource.ResourceIamPolicy,google-beta/provider/provider_mmv1_resources.go:1602
google_endpoints_service_consumers_iam_binding,Generated,servicemanagement,true,tpgiamresource.ResourceIamBinding,google-beta/provider/provider_mmv1_resources.go:1603
google_endpoints_service_consumers_iam_member,Generated,servicemanagement,true,tpgiamresource.ResourceIamMember,google-beta/provider/provider_mmv1_resources.go:1604
google_endpoints_service_consumers_iam_policy,Generated,servicemanagement,true,tpgiamresource.ResourceIamPolicy,google-beta/provider/provider_mmv1_resources.go:1605
google_service_networking_vpc_service_controls,Generated,servicenetworking,false,servicenetworking.ResourceServiceNetworkingVPCServiceControls,google-beta/provider/provider_mmv1_resources.go:1606
google_service_usage_consumer_quota_override,Generated,serviceusage,false,serviceusage.ResourceServiceUsageConsumerQuotaOverride,google-beta/provider/provider_mmv1_resources.go:1607
google_site_verification_web_resource,Generated,siteverification,false,siteverification.ResourceSiteVerificationWebResource,google-beta/provider/provider_mmv1_resources.go:1608
google_sourcerepo_repository,Generated,sourcerepo,false,sourcerepo.ResourceSourceRepoRepository,google-beta/provider/provider_mmv1_resources.go:1609
google_sourcerepo_repository_iam_binding,Generated,sourcerepo,true,tpgiamresource.ResourceIamBinding,google-beta/provider/provider_mmv1_resources.go:1610
google_sourcerepo_repository_iam_member,Generated,sourcerepo,true,tpgiamresource.ResourceIamMember,google-beta/provider/provider_mmv1_resources.go:1611
google_sourcerepo_repository_iam_policy,Generated,sourcerepo,true,tpgiamresource.ResourceIamPolicy,google-beta/provider/provider_mmv1_resources.go:1612
google_spanner_backup_schedule,Generated,spanner,false,spanner.ResourceSpannerBackupSchedule,google-beta/provider/provider_mmv1_resources.go:1613
google_spanner_database,Generated,spanner,false,spanner.ResourceSpannerDatabase,google-beta/provider/provider_mmv1_resources.go:1614
google_spanner_instance,Generated,spanner,false,spanner.ResourceSpannerInstance,google-beta/provider/provider_mmv1_resources.go:1615
google_spanner_instance_config,Generated,spanner,false,spanner.ResourceSpannerInstanceConfig,google-beta/provider/provider_mmv1_resources.go:1616
google_spanner_instance_partition,Generated,spanner,false,spanner.ResourceSpannerInstancePartition,google-beta/provider/provider_mmv1_resources.go:1617
google_sql_database,Generated,sql,false,sql.ResourceSQLDatabase,google-beta/provider/provider_mmv1_resources.go:1618
google_sql_source_representation_instance,Generated,sql,false,sql.ResourceSQLSourceRepresentationInstance,google-beta/provider/provider_mmv1_resources.go:1619
google_storage_anywhere_cache,Generated,storage,false,storage.ResourceStorageAnywhereCache,google-beta/provider/provider_mmv1_resources.go:1620
google_storage_bucket_access_control,Generated,storage,false,storage.ResourceStorageBucketAccessControl,google-beta/provider/provider_mmv1_resources.go:1621
google_storage_default_object_access_control,Generated,storage,false,storage.ResourceStorageDefaultObjectAccessControl,google-beta/provider/provider_mmv1_resources.go:1622
google_storage_folder,Generated,storage,false,storage.ResourceStorageFolder,google-beta/provider/provider_mmv1_resources.go:1623
google_storage_hmac_key,Generated,storage,false,storage.ResourceStorageHmacKey,google-beta/provider/provider_mmv1_resources.go:1624
google_storage_managed_folder,Generated,storage,false,storage.ResourceStorageManagedFolder,google-beta/provider/provider_mmv1_resources.go:1625
google_storage_object_access_control,Generated,storage,false,storage.ResourceStorageObjectAccessControl,google-beta/provider/provider_mmv1_resources.go:1626
google_storage_batch_operations_job,Generated,storagebatchoperations,false,storagebatchoperations.ResourceStorageBatchOperationsJob,google-beta/provider/provider_mmv1_resources.go:1627
google_storage_control_folder_intelligence_config,Generated,storagecontrol,false,storagecontrol.ResourceStorageControlFolderIntelligenceConfig,google-beta/provider/provider_mmv1_resources.go:1628
google_storage_control_organization_intelligence_config,Generated,storagecontrol,false,storagecontrol.ResourceStorageControlOrganizationIntelligenceConfig,google-beta/provider/provider_mmv1_resources.go:1629
google_storage_control_project_intelligence_config,Generated,storagecontrol,false,storagecontrol.ResourceStorageControlProjectIntelligenceConfig,google-beta/provider/provider_mmv1_resources.go:1630
google_storage_insights_dataset_config,Generated,storageinsights,false,storageinsights.ResourceStorageInsightsDatasetConfig,google-beta/provider/provider_mmv1_resources.go:1631
google_storage_insights_report_config,Generated,storageinsights,false,storageinsights.ResourceStorageInsightsReportConfig,google-beta/provider/provider_mmv1_resources.go:1632
google_storage_transfer_agent_pool,Generated,storagetransfer,false,storagetransfer.ResourceStorageTransferAgentPool,google-beta/provider/provider_mmv1_resources.go:1633
google_tags_tag_binding,Generated,tags,false,tags.ResourceTagsTagBinding,google-beta/provider/provider_mmv1_resources.go:1634
google_tags_tag_key,Generated,tags,false,tags.ResourceTagsTagKey,google-beta/provider/provider_mmv1_resources.go:1635
google_tags_tag_key_iam_binding,Generated,tags,true,tpgiamresource.ResourceIamBinding,google-beta/provider/provider_mmv1_resources.go:1636
google_tags_tag_key_iam_member,Generated,tags,true,tpgiamresource.ResourceIamMember,google-beta/provider/provider_mmv1_resources.go:1637
google_tags_tag_key_iam_policy,Generated,tags,true,tpgiamresource.ResourceIamPolicy,google-beta/provider/provider_mmv1_resources.go:1638
google_tags_tag_value,Generated,tags,false,tags.ResourceTagsTagValue,google-beta/provider/provider_mmv1_resources.go:1639
google_tags_tag_value_iam_binding,Generated,tags,true,tpgiamresource.ResourceIamBinding,google-beta/provider/provider_mmv1_resources.go:1640
google_tags_tag_value_iam_member,Generated,tags,true,tpgiamresource.ResourceIamMember,google-beta/provider/provider_mmv1_resources.go:1641
google_tags_tag_value_iam_policy,Generated,tags,true,tpgiamresource.ResourceIamPolicy,google-beta/provider/provider_mmv1_resources.go:1642
google_tpu_v2_queued_resource,Generated,tpuv2,false,tpuv2.ResourceTpuV2QueuedResource,google-beta/provider/provider_mmv1_resources.go:1643
google_tpu_v2_vm,Generated,tpuv2,false,tpuv2.ResourceTpuV2Vm,google-beta/provider/provider_mmv1_resources.go:1644
google_transcoder_job,Generated,transcoder,false,transcoder.ResourceTranscoderJob,google-beta/provider/provider_mmv1_resources.go:1645
google_transcoder_job_template,Generated,transcoder,false,transcoder.ResourceTranscoderJobTemplate,google-beta/provider/provider_mmv1_resources.go:1646
google_vertex_ai_cache_config,Generated,vertexai,false,vertexai.ResourceVertexAICacheConfig,google-beta/provider/provider_mmv1_resources.go:1647
google_vertex_ai_dataset,Generated,vertexai,false,vertexai.ResourceVertexAIDataset,google-beta/provider/provider_mmv1_resources.go:1648
google_vertex_ai_deployment_resource_pool,Generated,vertexai,false,vertexai.ResourceVertexAIDeploymentResourcePool,google-beta/provider/provider_mmv1_resources.go:1649
google_vertex_ai_endpoint,Generated,vertexai,false,vertexai.ResourceVertexAIEndpoint,google-beta/provider/provider_mmv1_resources.go:1650
google_vertex_ai_endpoint_iam_binding,Generated,vertexai,true,tpgiamresource.ResourceIamBinding,google-beta/provider/provider_mmv1_resources.go:1651
google_vertex_ai_endpoint_iam_member,Generated,vertexai,true,tpgiamresource.ResourceIamMember,google-beta/provider/provider_mmv1_resources.go:1652
google_vertex_ai_endpoint_iam_policy,Generated,vertexai,true,tpgiamresource.ResourceIamPolicy,google-beta/provider/provider_mmv1_resources.go:1653
google_vertex_ai_endpoint_with_model_garden_deployment,Generated,vertexai,false,vertexai.ResourceVertexAIEndpointWithModelGardenDeployment,google-beta/provider/provider_mmv1_resources.go:1654
google_vertex_ai_feature_group,Generated,vertexai,false,vertexai.ResourceVertexAIFeatureGroup,google-beta/provider/provider_mmv1_resources.go:1655
google_vertex_ai_feature_group_iam_binding,Generated,vertexai,true,tpgiamresource.ResourceIamBinding,google-beta/provider/provider_mmv1_resources.go:1656
google_vertex_ai_feature_group_iam_member,Generated,vertexai,true,tpgiamresource.ResourceIamMember,google-beta/provider/provider_mmv1_resources.go:1657
google_vertex_ai_feature_group_iam_policy,Generated,vertexai,true,tpgiamresource.ResourceIamPolicy,google-beta/provider/provider_mmv1_resources.go:1658
google_vertex_ai_feature_group_feature,Generated,vertexai,false,vertexai.ResourceVertexAIFeatureGroupFeature,google-beta/provider/provider_mmv1_resources.go:1659
google_vertex_ai_feature_online_store,Generated,vertexai,false,vertexai.ResourceVertexAIFeatureOnlineStore,google-beta/provider/provider_mmv1_resources.go:1660
google_vertex_ai_feature_online_store_iam_binding,Generated,vertexai,true,tpgiamresource.ResourceIamBinding,google-beta/provider/provider_mmv1_resources.go:1661
google_vertex_ai_feature_online_store_iam_member,Generated,vertexai,true,tpgiamresource.ResourceIamMember,google-beta/provider/provider_mmv1_resources.go:1662
google_vertex_ai_feature_online_store_iam_policy,Generated,vertexai,true,tpgiamresource.ResourceIamPolicy,google-beta/provider/provider_mmv1_resources.go:1663
google_vertex_ai_feature_online_store_featureview,Generated,vertexai,false,vertexai.ResourceVertexAIFeatureOnlineStoreFeatureview,google-beta/provider/provider_mmv1_resources.go:1664
google_vertex_ai_feature_online_store_featureview_iam_binding,Generated,vertexai,true,tpgiamresource.ResourceIamBinding,google-beta/provider/provider_mmv1_resources.go:1665
google_vertex_ai_feature_online_store_featureview_iam_member,Generated,vertexai,true,tpgiamresource.ResourceIamMember,google-beta/provider/provider_mmv1_resources.go:1666
google_vertex_ai_feature_online_store_featureview_iam_policy,Generated,vertexai,true,tpgiamresource.ResourceIamPolicy,google-beta/provider/provider_mmv1_resources.go:1667
google_vertex_ai_featurestore,Generated,vertexai,false,vertexai.ResourceVertexAIFeaturestore,google-beta/provider/provider_mmv1_resources.go:1668
google_vertex_ai_featurestore_iam_binding,Generated,vertexai,true,tpgiamresource.ResourceIamBinding,google-beta/provider/provider_mmv1_resources.go:1669
google_vertex_ai_featurestore_iam_member,Generated,vertexai,true,tpgiamresource.ResourceIamMember,google-beta/provider/provider_mmv1_resources.go:1670
google_vertex_ai_featurestore_iam_policy,Generated,vertexai,true,tpgiamresource.ResourceIamPolicy,google-beta/provider/provider_mmv1_resources.go:1671
google_vertex_ai_featurestore_entitytype,Generated,vertexai,false,vertexai.ResourceVertexAIFeaturestoreEntitytype,google-beta/provider/provider_mmv1_resources.go:1672
google_vertex_ai_featurestore_entitytype_iam_binding,Generated,vertexai,true,tpgiamresource.ResourceIamBinding,google-beta/provider/provider_mmv1_resources.go:1673
google_vertex_ai_featurestore_entitytype_iam_member,Generated,vertexai,true,tpgiamresource.ResourceIamMember,google-beta/provider/provider_mmv1_resources.go:1674
google_vertex_ai_featurestore_entitytype_iam_policy,Generated,vertexai,true,tpgiamresource.ResourceIamPolicy,google-beta/provider/provider_mmv1_resources.go:1675
google_vertex_ai_featurestore_entitytype_feature,Generated,vertexai,false,vertexai.ResourceVertexAIFeaturestoreEntitytypeFeature,google-beta/provider/provider_mmv1_resources.go:1676
google_vertex_ai_index,Generated,vertexai,false,vertexai.ResourceVertexAIIndex,google-beta/provider/provider_mmv1_resources.go:1677
google_vertex_ai_index_endpoint,Generated,vertexai,false,vertexai.ResourceVertexAIIndexEndpoint,google-beta/provider/provider_mmv1_resources.go:1678
google_vertex_ai_index_endpoint_deployed_index,Generated,vertexai,false,vertexai.ResourceVertexAIIndexEndpointDeployedIndex,google-beta/provider/provider_mmv1_resources.go:1679
google_vertex_ai_metadata_store,Generated,vertexai,false,vertexai.ResourceVertexAIMetadataStore,google-beta/provider/provider_mmv1_resources.go:1680
google_vertex_ai_rag_engine_config,Generated,vertexai,false,vertexai.ResourceVertexAIRagEngineConfig,google-beta/provider/provider_mmv1_resources.go:1681
google_vertex_ai_reasoning_engine,Generated,vertexai,false,vertexai.ResourceVertexAIReasoningEngine,google-beta/provider/provider_mmv1_resources.go:1682
google_vertex_ai_tensorboard,Generated,vertexai,false,vertexai.ResourceVertexAITensorboard,google-beta/provider/provider_mmv1_resources.go:1683
google_vmwareengine_cluster,Generated,vmwareengine,false,vmwareengine.ResourceVmwareengineCluster,google-beta/provider/provider_mmv1_resources.go:1684
google_vmwareengine_external_access_rule,Generated,vmwareengine,false,vmwareengine.ResourceVmwareengineExternalAccessRule,google-beta/provider/provider_mmv1_resources.go:1685
google_vmwareengine_external_address,Generated,vmwareengine,false,vmwareengine.ResourceVmwareengineExternalAddress,google-beta/provider/provider_mmv1_resources.go:1686
google_vmwareengine_network,Generated,vmwareengine,false,vmwareengine.ResourceVmwareengineNetwork,google-beta/provider/provider_mmv1_resources.go:1687
google_vmwareengine_network_peering,Generated,vmwareengine,false,vmwareengine.ResourceVmwareengineNetworkPeering,google-beta/provider/provider_mmv1_resources.go:1688
google_vmwareengine_network_policy,Generated,vmwareengine,false,vmwareengine.ResourceVmwareengineNetworkPolicy,google-beta/provider/provider_mmv1_resources.go:1689
google_vmwareengine_private_cloud,Generated,vmwareengine,false,vmwareengine.ResourceVmwareenginePrivateCloud,google-beta/provider/provider_mmv1_resources.go:1690
google_vmwareengine_subnet,Generated,vmwareengine,false,vmwareengine.ResourceVmwareengineSubnet,google-beta/provider/provider_mmv1_resources.go:1691
google_vpc_access_connector,Generated,vpcaccess,false,vpcaccess.ResourceVPCAccessConnector,google-beta/provider/provider_mmv1_resources.go:1692
google_workbench_instance,Generated,workbench,false,workbench.ResourceWorkbenchInstance,google-beta/provider/provider_mmv1_resources.go:1693
google_workbench_instance_iam_binding,Generated,workbench,true,tpgiamresource.ResourceIamBinding,google-beta/provider/provider_mmv1_resources.go:1694
google_workbench_instance_iam_member,Generated,workbench,true,tpgiamresource.ResourceIamMember,google-beta/provider/provider_mmv1_resources.go:1695
google_workbench_instance_iam_policy,Generated,workbench,true,tpgiamresource.ResourceIamPolicy,google-beta/provider/provider_mmv1_resources.go:1696
google_workflows_workflow,Generated,workflows,false,workflows.ResourceWorkflowsWorkflow,google-beta/provider/provider_mmv1_resources.go:1697
google_workstations_workstation,Generated,workstations,false,workstations.ResourceWorkstationsWorkstation,google-beta/provider/provider_mmv1_resources.go:1698
google_workstations_workstation_iam_binding,Generated,workstations,true,tpgiamresource.ResourceIamBinding,google-beta/provider/provider_mmv1_resources.go:1699
google_workstations_workstation_iam_member,Generated,workstations,true,tpgiamresource.ResourceIamMember,google-beta/provider/provider_mmv1_resources.go:1700
google_workstations_workstation_iam_policy,Generated,workstations,true,tpgiamresource.ResourceIamPolicy,google-beta/provider/provider_mmv1_resources.go:1701
google_workstations_workstation_cluster,Generated,workstations,false,workstations.ResourceWorkstationsWorkstationCluster,google-beta/provider/provider_mmv1_resources.go:1702
google_workstations_workstation_config,Generated,workstations,false,workstations.ResourceWorkstationsWorkstationConfig,google-beta/provider/provider_mmv1_resources.go:1703
google_workstations_workstation_config_iam_binding,Generated,workstations,true,tpgiamresource.ResourceIamBinding,google-beta/provider/provider_mmv1_resources.go:1704
google_workstations_workstation_config_iam_member,Generated,workstations,true,tpgiamresource.ResourceIamMember,google-beta/provider/provider_mmv1_resources.go:1705
google_workstations_workstation_config_iam_policy,Generated,workstations,true,tpgiamresource.ResourceIamPolicy,google-beta/provider/provider_mmv1_resources.go:1706
google_app_engine_application,Handwritten,appengine,false,appengine.ResourceAppEngineApplication,google-beta/provider/provider_mmv1_resources.go:1711
google_apigee_api,Handwritten,apigee,false,apigee.ResourceApigeeApi,google-beta/provider/provider_mmv1_resources.go:1712
google_apigee_sharedflow,Handwritten,apigee,false,apigee.ResourceApigeeSharedFlow,google-beta/provider/provider_mmv1_resources.go:1713
google_apigee_sharedflow_deployment,Handwritten,apigee,false,apigee.ResourceApigeeSharedFlowDeployment,google-beta/provider/provider_mmv1_resources.go:1714
google_apigee_flowhook,Handwritten,apigee,false,apigee.ResourceApigeeFlowhook,google-beta/provider/provider_mmv1_resources.go:1715
google_apigee_keystores_aliases_pkcs12,Handwritten,apigee,false,apigee.ResourceApigeeKeystoresAliasesPkcs12,google-beta/provider/provider_mmv1_resources.go:1716
google_bigquery_table,Handwritten,bigquery,false,bigquery.ResourceBigQueryTable,google-beta/provider/provider_mmv1_resources.go:1717
google_bigtable_gc_policy,Handwritten,bigtable,false,bigtable.ResourceBigtableGCPolicy,google-beta/provider/provider_mmv1_resources.go:1718
google_bigtable_instance,Handwritten,bigtable,false,bigtable.ResourceBigtableInstance,google-beta/provider/provider_mmv1_resources.go:1719
google_bigtable_table,Handwritten,bigtable,false,bigtable.ResourceBigtableTable,google-beta/provider/provider_mmv1_resources.go:1720
google_bigtable_authorized_view,Handwritten,bigtable,false,bigtable.ResourceBigtableAuthorizedView,google-beta/provider/provider_mmv1_resources.go:1721
google_billing_subaccount,Handwritten,resourcemanager,false,resourcemanager.ResourceBillingSubaccount,google-beta/provider/provider_mmv1_resources.go:1722
google_cloudfunctions_function,Handwritten,cloudfunctions,false,cloudfunctions.ResourceCloudFunctionsFunction,google-beta/provider/provider_mmv1_resources.go:1723
google_composer_environment,Handwritten,composer,false,composer.ResourceComposerEnvironment,google-beta/provider/provider_mmv1_resources.go:1724
google_composer_user_workloads_secret,Handwritten,composer,false,composer.ResourceComposerUserWorkloadsSecret,google-beta/provider/provider_mmv1_resources.go:1725
google_compute_attached_disk,Handwritten,compute,false,compute.ResourceComputeAttachedDisk,google-beta/provider/provider_mmv1_resources.go:1726
google_compute_instance,Handwritten,compute,false,compute.ResourceComputeInstance,google-beta/provider/provider_mmv1_resources.go:1727
google_compute_disk_async_replication,Handwritten,compute,false,compute.ResourceComputeDiskAsyncReplication,google-beta/provider/provider_mmv1_resources.go:1728
google_compute_router_peer,Handwritten,compute,false,compute.ResourceComputeRouterBgpPeer,google-beta/provider/provider_mmv1_resources.go:1729
google_compute_instance_from_machine_image,Handwritten,compute,false,compute.ResourceComputeInstanceFromMachineImage,google-beta/provider/provider_mmv1_resources.go:1730
google_compute_instance_from_template,Handwritten,compute,false,compute.ResourceComputeInstanceFromTemplate,google-beta/provider/provider_mmv1_resources.go:1731
google_compute_instance_group,Handwritten,compute,false,compute.ResourceComputeInstanceGroup,google-beta/provider/provider_mmv1_resources.go:1732
google_compute_instance_group_manager,Handwritten,compute,false,compute.ResourceComputeInstanceGroupManager,google-beta/provider/provider_mmv1_resources.go:1733
google_compute_instance_template,Handwritten,compute,false,compute.ResourceComputeInstanceTemplate,google-beta/provider/provider_mmv1_resources.go:1734
google_compute_network_peering,Handwritten,compute,false,compute.ResourceComputeNetworkPeering,google-beta/provider/provider_mmv1_resources.go:1735
google_compute_project_default_network_tier,Handwritten,compute,false,compute.ResourceComputeProjectDefaultNetworkTier,google-beta/provider/provider_mmv1_resources.go:1736
google_compute_project_metadata,Handwritten,compute,false,compute.ResourceComputeProjectMetadata,google-beta/provider/provider_mmv1_resources.go:1737
google_compute_project_metadata_item,Handwritten,compute,false,compute.ResourceComputeProjectMetadataItem,google-beta/provider/provider_mmv1_resources.go:1738
google_compute_region_instance_group_manager,Handwritten,compute,false,compute.ResourceComputeRegionInstanceGroupManager,google-beta/provider/provider_mmv1_resources.go:1739
google_compute_region_instance_template,Handwritten,compute,false,compute.ResourceComputeRegionInstanceTemplate,google-beta/provider/provider_mmv1_resources.go:1740
google_compute_router_interface,Handwritten,compute,false,compute.ResourceComputeRouterInterface,google-beta/provider/provider_mmv1_resources.go:1741
google_compute_security_policy,Handwritten,compute,false,compute.ResourceComputeSecurityPolicy,google-beta/provider/provider_mmv1_resources.go:1742
google_compute_shared_vpc_host_project,Handwritten,compute,false,compute.ResourceComputeSharedVpcHostProject,google-beta/provider/provider_mmv1_resources.go:1743
google_compute_shared_vpc_service_project,Handwritten,compute,false,compute.ResourceComputeSharedVpcServiceProject,google-beta/provider/provider_mmv1_resources.go:1744
google_compute_target_pool,Handwritten,compute,false,compute.ResourceComputeTargetPool,google-beta/provider/provider_mmv1_resources.go:1745
google_container_cluster,Handwritten,container,false,container.ResourceContainerCluster,google-beta/provider/provider_mmv1_resources.go:1746
google_container_node_pool,Handwritten,container,false,container.ResourceContainerNodePool,google-beta/provider/provider_mmv1_resources.go:1747
google_container_registry,Handwritten,containeranalysis,false,containeranalysis.ResourceContainerRegistry,google-beta/provider/provider_mmv1_resources.go:1748
google_dataflow_job,Handwritten,dataflow,false,dataflow.ResourceDataflowJob,google-beta/provider/provider_mmv1_resources.go:1749
google_dataflow_flex_template_job,Handwritten,dataflow,false,dataflow.ResourceDataflowFlexTemplateJob,google-beta/provider/provider_mmv1_resources.go:1750
google_dataproc_cluster,Handwritten,dataproc,false,dataproc.ResourceDataprocCluster,google-beta/provider/provider_mmv1_resources.go:1751
google_dataproc_job,Handwritten,dataproc,false,dataproc.ResourceDataprocJob,google-beta/provider/provider_mmv1_resources.go:1752
google_dns_record_set,Handwritten,dns,false,dns.ResourceDnsRecordSet,google-beta/provider/provider_mmv1_resources.go:1753
google_endpoints_service,Handwritten,servicemanagement,false,servicemanagement.ResourceEndpointsService,google-beta/provider/provider_mmv1_resources.go:1754
google_folder,Handwritten,resourcemanager,false,resourcemanager.ResourceGoogleFolder,google-beta/provider/provider_mmv1_resources.go:1755
google_folder_organization_policy,Handwritten,resourcemanager,false,resourcemanager.ResourceGoogleFolderOrganizationPolicy,google-beta/provider/provider_mmv1_resources.go:1756
google_folder_service_identity,Handwritten,resourcemanager,false,resourcemanager.ResourceFolderServiceIdentity,google-beta/provider/provider_mmv1_resources.go:1757
google_logging_billing_account_sink,Handwritten,logging,false,logging.ResourceLoggingBillingAccountSink,google-beta/provider/provider_mmv1_resources.go:1758
google_logging_billing_account_exclusion,Handwritten,logging,false,logging.ResourceLoggingExclusion,google-beta/provider/provider_mmv1_resources.go:1759
google_logging_billing_account_bucket_config,Handwritten,logging,false,logging.ResourceLoggingBillingAccountBucketConfig,google-beta/provider/provider_mmv1_resources.go:1760
google_logging_organization_sink,Handwritten,logging,false,logging.ResourceLoggingOrganizationSink,google-beta/provider/provider_mmv1_resources.go:1761
google_logging_organization_exclusion,Handwritten,logging,false,logging.ResourceLoggingExclusion,google-beta/provider/provider_mmv1_resources.go:1762
google_logging_organization_bucket_config,Handwritten,logging,false,logging.ResourceLoggingOrganizationBucketConfig,google-beta/provider/provider_mmv1_resources.go:1763
google_logging_folder_sink,Handwritten,logging,false,logging.ResourceLoggingFolderSink,google-beta/provider/provider_mmv1_resources.go:1764
google_logging_folder_exclusion,Handwritten,logging,false,logging.ResourceLoggingExclusion,google-beta/provider/provider_mmv1_resources.go:1765
google_logging_folder_bucket_config,Handwritten,logging,false,logging.ResourceLoggingFolderBucketConfig,google-beta/provider/provider_mmv1_resources.go:1766
google_logging_project_sink,Handwritten,logging,false,logging.ResourceLoggingProjectSink,google-beta/provider/provider_mmv1_resources.go:1767
google_logging_project_exclusion,Handwritten,logging,false,logging.ResourceLoggingExclusion,google-beta/provider/provider_mmv1_resources.go:1768
google_logging_project_bucket_config,Handwritten,logging,false,logging.ResourceLoggingProjectBucketConfig,google-beta/provider/provider_mmv1_resources.go:1769
google_monitoring_dashboard,Handwritten,monitoring,false,monitoring.ResourceMonitoringDashboard,google-beta/provider/provider_mmv1_resources.go:1770
google_os_config_os_policy_assignment,Handwritten,osconfig,false,osconfig.ResourceOSConfigOSPolicyAssignment,google-beta/provider/provider_mmv1_resources.go:1771
google_project_service_identity,Handwritten,resourcemanager,false,resourcemanager.ResourceProjectServiceIdentity,google-beta/provider/provider_mmv1_resources.go:1772
google_service_networking_connection,Handwritten,servicenetworking,false,servicenetworking.ResourceServiceNetworkingConnection,google-beta/provider/provider_mmv1_resources.go:1773
google_sql_database_instance,Handwritten,sql,false,sql.ResourceSqlDatabaseInstance,google-beta/provider/provider_mmv1_resources.go:1774
google_sql_ssl_cert,Handwritten,sql,false,sql.ResourceSqlSslCert,google-beta/provider/provider_mmv1_resources.go:1775
google_sql_user,Handwritten,sql,false,sql.ResourceSqlUser,google-beta/provider/provider_mmv1_resources.go:1776
google_organization_iam_custom_role,Handwritten,resourcemanager,false,resourcemanager.ResourceGoogleOrganizationIamCustomRole,google-beta/provider/provider_mmv1_resources.go:1777
google_organization_policy,Handwritten,resourcemanager,false,resourcemanager.ResourceGoogleOrganizationPolicy,google-beta/provider/provider_mmv1_resources.go:1778
google_project,Handwritten,resourcemanager,false,resourcemanager.ResourceGoogleProject,google-beta/provider/provider_mmv1_resources.go:1779
google_project_default_service_accounts,Handwritten,resourcemanager,false,resourcemanager.ResourceGoogleProjectDefaultServiceAccounts,google-beta/provider/provider_mmv1_resources.go:1780
google_project_service,Handwritten,resourcemanager,false,resourcemanager.ResourceGoogleProjectService,google-beta/provider/provider_mmv1_resources.go:1781
google_project_iam_custom_role,Handwritten,resourcemanager,false,resourcemanager.ResourceGoogleProjectIamCustomRole,google-beta/provider/provider_mmv1_resources.go:1782
google_project_iam_member_remove,Handwritten,resourcemanager,false,resourcemanager.ResourceGoogleProjectIamMemberRemove,google-beta/provider/provider_mmv1_resources.go:1783
google_project_organization_policy,Handwritten,resourcemanager,false,resourcemanager.ResourceGoogleProjectOrganizationPolicy,google-beta/provider/provider_mmv1_resources.go:1784
google_project_usage_export_bucket,Handwritten,compute,false,compute.ResourceProjectUsageBucket,google-beta/provider/provider_mmv1_resources.go:1785
google_runtimeconfig_config,Handwritten,runtimeconfig,false,runtimeconfig.ResourceRuntimeconfigConfig,google-beta/provider/provider_mmv1_resources.go:1786
google_runtimeconfig_variable,Handwritten,runtimeconfig,false,runtimeconfig.ResourceRuntimeconfigVariable,google-beta/provider/provider_mmv1_resources.go:1787
google_service_account,Handwritten,resourcemanager,false,resourcemanager.ResourceGoogleServiceAccount,google-beta/provider/provider_mmv1_resources.go:1788
google_service_account_key,Handwritten,resourcemanager,false,resourcemanager.ResourceGoogleServiceAccountKey,google-beta/provider/provider_mmv1_resources.go:1789
google_service_networking_peered_dns_domain,Handwritten,servicenetworking,false,servicenetworking.ResourceGoogleServiceNetworkingPeeredDNSDomain,google-beta/provider/provider_mmv1_resources.go:1790
google_site_verification_owner,Handwritten,siteverification,false,siteverification.ResourceSiteVerificationOwner,google-beta/provider/provider_mmv1_resources.go:1791
google_storage_bucket,Handwritten,storage,false,storage.ResourceStorageBucket,google-beta/provider/provider_mmv1_resources.go:1792
google_storage_bucket_acl,Handwritten,storage,false,storage.ResourceStorageBucketAcl,google-beta/provider/provider_mmv1_resources.go:1793
google_storage_bucket_object,Handwritten,storage,false,storage.ResourceStorageBucketObject,google-beta/provider/provider_mmv1_resources.go:1794
google_storage_object_acl,Handwritten,storage,false,storage.ResourceStorageObjectAcl,google-beta/provider/provider_mmv1_resources.go:1795
google_storage_default_object_acl,Handwritten,storage,false,storage.ResourceStorageDefaultObjectAcl,google-beta/provider/provider_mmv1_resources.go:1796
google_storage_transfer_job,Handwritten,storagetransfer,false,storagetransfer.ResourceStorageTransferJob,google-beta/provider/provider_mmv1_resources.go:1797
google_tags_location_tag_binding,Handwritten,tags,false,tags.ResourceTagsLocationTagBinding,google-beta/provider/provider_mmv1_resources.go:1798
google_bigtable_instance_iam_binding,HandwrittenIAM,bigtable,true,tpgiamresource.ResourceIamBinding,google-beta/provider/provider_mmv1_resources.go:1804
google_bigtable_instance_iam_member,HandwrittenIAM,bigtable,true,tpgiamresource.ResourceIamMember,google-beta/provider/provider_mmv1_resources.go:1805
google_bigtable_instance_iam_policy,HandwrittenIAM,bigtable,true,tpgiamresource.ResourceIamPolicy,google-beta/provider/provider_mmv1_resources.go:1806
google_bigtable_table_iam_binding,HandwrittenIAM,bigtable,true,tpgiamresource.ResourceIamBinding,google-beta/provider/provider_mmv1_resources.go:1807
google_bigtable_table_iam_member,HandwrittenIAM,bigtable,true,tpgiamresource.ResourceIamMember,google-beta/provider/provider_mmv1_resources.go:1808
google_bigtable_table_iam_policy,HandwrittenIAM,bigtable,true,tpgiamresource.ResourceIamPolicy,google-beta/provider/provider_mmv1_resources.go:1809
google_bigquery_dataset_iam_binding,HandwrittenIAM,bigquery,true,tpgiamresource.ResourceIamBinding,google-beta/provider/provider_mmv1_resources.go:1810
google_bigquery_dataset_iam_member,HandwrittenIAM,bigquery,true,tpgiamresource.ResourceIamMember,google-beta/provider/provider_mmv1_resources.go:1811
google_bigquery_dataset_iam_policy,HandwrittenIAM,bigquery,true,tpgiamresource.ResourceIamPolicy,google-beta/provider/provider_mmv1_resources.go:1812
google_billing_account_iam_binding,HandwrittenIAM,billing,true,tpgiamresource.ResourceIamBinding,google-beta/provider/provider_mmv1_resources.go:1813
google_billing_account_iam_member,HandwrittenIAM,billing,true,tpgiamresource.ResourceIamMember,google-beta/provider/provider_mmv1_resources.go:1814
google_billing_account_iam_policy,HandwrittenIAM,billing,true,tpgiamresource.ResourceIamPolicy,google-beta/provider/provider_mmv1_resources.go:1815
google_dataproc_cluster_iam_binding,HandwrittenIAM,dataproc,true,tpgiamresource.ResourceIamBinding,google-beta/provider/provider_mmv1_resources.go:1816
google_dataproc_cluster_iam_member,HandwrittenIAM,dataproc,true,tpgiamresource.ResourceIamMember,google-beta/provider/provider_mmv1_resources.go:1817
google_dataproc_cluster_iam_policy,HandwrittenIAM,dataproc,true,tpgiamresource.ResourceIamPolicy,google-beta/provider/provider_mmv1_resources.go:1818
google_dataproc_job_iam_binding,HandwrittenIAM,dataproc,true,tpgiamresource.ResourceIamBinding,google-beta/provider/provider_mmv1_resources.go:1819
google_dataproc_job_iam_member,HandwrittenIAM,dataproc,true,tpgiamresource.ResourceIamMember,google-beta/provider/provider_mmv1_resources.go:1820
google_dataproc_job_iam_policy,HandwrittenIAM,dataproc,true,tpgiamresource.ResourceIamPolicy,google-beta/provider/provider_mmv1_resources.go:1821
google_folder_iam_binding,HandwrittenIAM,resourcemanager,true,tpgiamresource.ResourceIamBinding,google-beta/provider/provider_mmv1_resources.go:1822
google_folder_iam_member,HandwrittenIAM,resourcemanager,true,tpgiamresource.ResourceIamMember,google-beta/provider/provider_mmv1_resources.go:1823
google_folder_iam_policy,HandwrittenIAM,resourcemanager,true,tpgiamresource.ResourceIamPolicy,google-beta/provider/provider_mmv1_resources.go:1824
google_folder_iam_audit_config,HandwrittenIAM,resourcemanager,true,tpgiamresource.ResourceIamAuditConfig,google-beta/provider/provider_mmv1_resources.go:1825
google_healthcare_dataset_iam_binding,HandwrittenIAM,healthcare,true,tpgiamresource.ResourceIamBinding,google-beta/provider/provider_mmv1_resources.go:1826
google_healthcare_dataset_iam_member,HandwrittenIAM,healthcare,true,tpgiamresource.ResourceIamMember,google-beta/provider/provider_mmv1_resources.go:1827
google_healthcare_dataset_iam_policy,HandwrittenIAM,healthcare,true,tpgiamresource.ResourceIamPolicy,google-beta/provider/provider_mmv1_resources.go:1828
google_healthcare_dicom_store_iam_binding,HandwrittenIAM,healthcare,true,tpgiamresource.ResourceIamBinding,google-beta/provider/provider_mmv1_resources.go:1829
google_healthcare_dicom_store_iam_member,HandwrittenIAM,healthcare,true,tpgiamresource.ResourceIamMember,google-beta/provider/provider_mmv1_resources.go:1830
google_healthcare_dicom_store_iam_policy,HandwrittenIAM,healthcare,true,tpgiamresource.ResourceIamPolicy,google-beta/provider/provider_mmv1_resources.go:1831
google_healthcare_fhir_store_iam_binding,HandwrittenIAM,healthcare,true,tpgiamresource.ResourceIamBinding,google-beta/provider/provider_mmv1_resources.go:1832
google_healthcare_fhir_store_iam_member,HandwrittenIAM,healthcare,true,tpgiamresource.ResourceIamMember,google-beta/provider/provider_mmv1_resources.go:1833
google_healthcare_fhir_store_iam_policy,HandwrittenIAM,healthcare,true,tpgiamresource.ResourceIamPolicy,google-beta/provider/provider_mmv1_resources.go:1834
google_healthcare_hl7_v2_store_iam_binding,HandwrittenIAM,healthcare,true,tpgiamresource.ResourceIamBinding,google-beta/provider/provider_mmv1_resources.go:1835
google_healthcare_hl7_v2_store_iam_member,HandwrittenIAM,healthcare,true,tpgiamresource.ResourceIamMember,google-beta/provider/provider_mmv1_resources.go:1836
google_healthcare_hl7_v2_store_iam_policy,HandwrittenIAM,healthcare,true,tpgiamresource.ResourceIamPolicy,google-beta/provider/provider_mmv1_resources.go:1837
google_kms_key_ring_iam_binding,HandwrittenIAM,kms,true,tpgiamresource.ResourceIamBinding,google-beta/provider/provider_mmv1_resources.go:1838
google_kms_key_ring_iam_member,HandwrittenIAM,kms,true,tpgiamresource.ResourceIamMember,google-beta/provider/provider_mmv1_resources.go:1839
google_kms_key_ring_iam_policy,HandwrittenIAM,kms,true,tpgiamresource.ResourceIamPolicy,google-beta/provider/provider_mmv1_resources.go:1840
google_kms_crypto_key_iam_binding,HandwrittenIAM,kms,true,tpgiamresource.ResourceIamBinding,google-beta/provider/provider_mmv1_resources.go:1841
google_kms_crypto_key_iam_member,HandwrittenIAM,kms,true,tpgiamresource.ResourceIamMember,google-beta/provider/provider_mmv1_resources.go:1842
google_kms_crypto_key_iam_policy,HandwrittenIAM,kms,true,tpgiamresource.ResourceIamPolicy,google-beta/provider/provider_mmv1_resources.go:1843
google_spanner_instance_iam_binding,HandwrittenIAM,spanner,true,tpgiamresource.ResourceIamBinding,google-beta/provider/provider_mmv1_resources.go:1844
google_spanner_instance_iam_member,HandwrittenIAM,spanner,true,tpgiamresource.ResourceIamMember,google-beta/provider/provider_mmv1_resources.go:1845
google_spanner_instance_iam_policy,HandwrittenIAM,spanner,true,tpgiamresource.ResourceIamPolicy,google-beta/provider/provider_mmv1_resources.go:1846
google_spanner_database_iam_binding,HandwrittenIAM,spanner,true,tpgiamresource.ResourceIamBinding,google-beta/provider/provider_mmv1_resources.go:1847
google_spanner_database_iam_member,HandwrittenIAM,spanner,true,tpgiamresource.ResourceIamMember,google-beta/provider/provider_mmv1_resources.go:1848
google_spanner_database_iam_policy,HandwrittenIAM,spanner,true,tpgiamresource.ResourceIamPolicy,google-beta/provider/provider_mmv1_resources.go:1849
google_storage_managed_folder_iam_binding,HandwrittenIAM,storage,true,tpgiamresource.ResourceIamBinding,google-beta/provider/provider_mmv1_resources.go:1850
google_storage_managed_folder_iam_member,HandwrittenIAM,storage,true,tpgiamresource.ResourceIamMember,google-beta/provider/provider_mmv1_resources.go:1851
google_storage_managed_folder_iam_policy,HandwrittenIAM,storage,true,tpgiamresource.ResourceIamPolicy,google-beta/provider/provider_mmv1_resources.go:1852
google_storage_bucket_iam_binding,HandwrittenIAM,storage,true,tpgiamresource.ResourceIamBinding,google-beta/provider/provider_mmv1_resources.go:1853
google_storage_bucket_iam_member,HandwrittenIAM,storage,true,tpgiamresource.ResourceIamMember,google-beta/provider/provider_mmv1_resources.go:1854
google_storage_bucket_iam_policy,HandwrittenIAM,storage,true,tpgiamresource.ResourceIamPolicy,google-beta/provider/provider_mmv1_resources.go:1855
google_organization_iam_binding,HandwrittenIAM,resourcemanager,true,tpgiamresource.ResourceIamBinding,google-beta/provider/provider_mmv1_resources.go:1856
google_organization_iam_member,HandwrittenIAM,resourcemanager,true,tpgiamresource.ResourceIamMember,google-beta/provider/provider_mmv1_resources.go:1857
google_organization_iam_policy,HandwrittenIAM,resourcemanager,true,tpgiamresource.ResourceIamPolicy,google-beta/provider/provider_mmv1_resources.go:1858
google_organization_iam_audit_config,HandwrittenIAM,resourcemanager,true,tpgiamresource.ResourceIamAuditConfig,google-beta/provider/provider_mmv1_resources.go:1859
google_project_iam_policy,HandwrittenIAM,resourcemanager,true,tpgiamresource.ResourceIamPolicy,google-beta/provider/provider_mmv1_resources.go:1860
google_project_iam_binding,HandwrittenIAM,resourcemanager,true,tpgiamresource.ResourceIamBinding,google-beta/provider/provider_mmv1_resources.go:1861
google_project_iam_member,HandwrittenIAM,resourcemanager,true,tpgiamresource.ResourceIamMember,google-beta/provider/provider_mmv1_resources.go:1862
google_project_iam_audit_config,HandwrittenIAM,resourcemanager,true,tpgiamresource.ResourceIamAuditConfig,google-beta/provider/provider_mmv1_resources.go:1863
google_pubsub_subscription_iam_binding,HandwrittenIAM,pubsub,true,tpgiamresource.ResourceIamBinding,google-beta/provider/provider_mmv1_resources.go:1864
google_pubsub_subscription_iam_member,HandwrittenIAM,pubsub,true,tpgiamresource.ResourceIamMember,google-beta/provider/provider_mmv1_resources.go:1865
google_pubsub_subscription_iam_policy,HandwrittenIAM,pubsub,true,tpgiamresource.ResourceIamPolicy,google-beta/provider/provider_mmv1_resources.go:1866
google_service_account_iam_binding,HandwrittenIAM,resourcemanager,true,tpgiamresource.ResourceIamBinding,google-beta/provider/provider_mmv1_resources.go:1867
google_service_account_iam_member,HandwrittenIAM,resourcemanager,true,tpgiamresource.ResourceIamMember,google-beta/provider/provider_mmv1_resources.go:1868
google_service_account_iam_policy,HandwrittenIAM,resourcemanager,true,tpgiamresource.ResourceIamPolicy,google-beta/provider/provider_mmv1_resources.go:1869
