resource,score,nested_weight,non_nested_weight,tier,LikelyBreaking,provenance,product,is_iam,Representation,NullEmpty,Ordering,CustomizeDiff,NestedBlock,Required,Optional,Optional+Computed,Computed-only
google_access_context_manager_access_level,0.00,0.00,0.00,A,true,Generated,accesscontextmanager,false,0,0,0,0,45,4,41,0,0
google_access_context_manager_access_level_condition,1.20,0.00,1.20,A,true,Generated,accesscontextmanager,false,1,0,0,0,17,1,17,0,0
google_access_context_manager_access_levels,0.00,0.00,0.00,A,true,Generated,accesscontextmanager,false,0,0,0,0,61,6,55,0,0
google_access_context_manager_access_policy,0.00,0.00,0.00,D,true,Generated,accesscontextmanager,false,0,0,0,0,1,0,1,0,0
google_access_context_manager_access_policy_iam_binding,1.10,0.00,1.10,D,true,Generated,accesscontextmanager,true,0,0,1,0,2,2,1,0,0
google_access_context_manager_access_policy_iam_member,1.20,0.00,1.20,D,true,Generated,accesscontextmanager,true,1,0,0,0,1,1,1,0,0
google_access_context_manager_access_policy_iam_policy,1.20,0.00,1.20,D,false,Generated,accesscontextmanager,true,1,0,0,0,0,1,0,0,0
google_access_context_manager_authorized_orgs_desc,0.00,0.00,0.00,D,true,Generated,accesscontextmanager,false,0,0,0,0,1,0,1,0,0
google_access_context_manager_egress_policy,1.20,0.00,1.20,D,false,Generated,accesscontextmanager,false,1,0,0,0,0,1,0,0,0
google_access_context_manager_gcp_user_access_binding,0.00,0.00,0.00,A,true,Generated,accesscontextmanager,false,0,0,0,0,25,0,25,0,0
google_access_context_manager_ingress_policy,1.20,0.00,1.20,D,false,Generated,accesscontextmanager,false,1,0,0,0,0,1,0,0,0
google_access_context_manager_service_perimeter,74.00,0.00,74.00,A,true,Generated,accesscontextmanager,false,16,0,58,0,164,0,238,0,0
google_access_context_manager_service_perimeter_dry_run_egress_policy,7.20,0.00,7.20,A,true,Generated,accesscontextmanager,false,7,0,0,0,17,1,23,0,0
google_access_context_manager_service_perimeter_dry_run_ingress_policy,7.20,0.00,7.20,A,true,Generated,accesscontextmanager,false,7,0,0,0,15,1,21,0,0
google_access_context_manager_service_perimeter_dry_run_resource,1.20,0.00,1.20,D,false,Generated,accesscontextmanager,false,1,0,0,0,0,1,0,0,0
google_access_context_manager_service_perimeter_egress_policy,7.20,0.00,7.20,A,true,Generated,accesscontextmanager,false,7,0,0,0,17,1,23,0,0
google_access_context_manager_service_perimeter_ingress_policy,7.20,0.00,7.20,A,true,Generated,accesscontextmanager,false,7,0,0,0,15,1,21,0,0
google_access_context_manager_service_perimeter_resource,1.20,0.00,1.20,D,false,Generated,accesscontextmanager,false,1,0,0,0,0,1,0,0,0
google_access_context_manager_service_perimeters,96.00,0.00,96.00,A,true,Generated,accesscontextmanager,false,0,0,96,0,215,0,311,0,0
google_active_directory_domain,9.50,4.00,5.50,B,true,Generated,activedirectory,false,0,0,1,2,5,1,5,0,2
google_active_directory_domain_trust,3.35,0.00,3.35,C,true,Generated,activedirectory,false,0,0,1,1,1,2,1,0,0
google_active_directory_peering,8.50,4.00,4.50,B,true,Generated,activedirectory,false,0,0,0,2,3,0,3,0,2
google_alloydb_backup,21.95,14.00,7.95,A,true,Generated,alloydb,false,1,0,0,3,10,1,6,0,7
google_alloydb_cluster,52.75,44.00,8.75,A,true,Generated,alloydb,false,2,0,0,3,52,6,29,5,17
google_alloydb_instance,31.70,26.00,5.70,A,true,Generated,alloydb,false,1,0,0,2,24,1,13,9,4
google_alloydb_user,1.20,0.00,1.20,D,true,Generated,alloydb,false,1,0,0,0,1,1,1,0,0
google_api_gateway_api,8.50,4.00,4.50,B,true,Generated,apigateway,false,0,0,0,2,3,0,3,0,2
google_api_gateway_api_config,8.50,4.00,4.50,A,true,Generated,apigateway,false,0,0,0,2,15,6,9,0,2
google_api_gateway_api_config_iam_binding,1.10,0.00,1.10,D,true,Generated,apigateway,true,0,0,1,0,2,2,1,0,0
google_api_gateway_api_config_iam_member,1.20,0.00,1.20,D,true,Generated,apigateway,true,1,0,0,0,1,1,1,0,0
google_api_gateway_api_config_iam_policy,1.20,0.00,1.20,D,false,Generated,apigateway,true,1,0,0,0,0,1,0,0,0
google_api_gateway_api_iam_binding,1.10,0.00,1.10,D,true,Generated,apigateway,true,0,0,1,0,2,2,1,0,0
google_api_gateway_api_iam_member,1.20,0.00,1.20,D,true,Generated,apigateway,true,1,0,0,0,1,1,1,0,0
google_api_gateway_api_iam_policy,1.20,0.00,1.20,D,false,Generated,apigateway,true,1,0,0,0,0,1,0,0,0
google_api_gateway_gateway,9.70,4.00,5.70,B,true,Generated,apigateway,false,1,0,0,2,3,1,3,0,2
google_api_gateway_gateway_iam_binding,1.10,0.00,1.10,D,true,Generated,apigateway,true,0,0,1,0,2,2,1,0,0
google_api_gateway_gateway_iam_member,1.20,0.00,1.20,D,true,Generated,apigateway,true,1,0,0,0,1,1,1,0,0
google_api_gateway_gateway_iam_policy,1.20,0.00,1.20,D,false,Generated,apigateway,true,1,0,0,0,0,1,0,0,0
google_apigee_addons_config,0.00,0.00,0.00,A,true,Generated,apigee,false,0,0,0,0,11,0,11,0,0
google_apigee_api,11.75,4.00,7.75,B,false,Handwritten,apigee,false,1,0,0,3,2,0,4,0,2
google_apigee_api_deployment,0.00,0.00,0.00,D,false,Generated,apigee,false,0,0,0,0,0,0,0,0,0
google_apigee_api_product,14.00,0.00,14.00,A,true,Generated,apigee,false,0,0,14,0,49,0,63,0,0
google_apigee_app_group,0.00,0.00,0.00,D,true,Generated,apigee,false,0,0,0,0,1,0,1,0,0
google_apigee_control_plane_access,0.00,0.00,0.00,D,true,Generated,apigee,false,0,0,0,0,2,0,2,0,0
google_apigee_developer,0.00,0.00,0.00,D,true,Generated,apigee,false,0,0,0,0,1,0,1,0,0
google_apigee_developer_app,16.00,14.00,2.00,B,true,Generated,apigee,false,0,0,2,0,10,0,5,0,7
google_apigee_dns_zone,0.00,0.00,0.00,D,true,Generated,apigee,false,0,0,0,0,1,1,0,0,0
google_apigee_endpoint_attachment,0.00,0.00,0.00,D,false,Generated,apigee,false,0,0,0,0,0,0,0,0,0
google_apigee_env_keystore,2.00,2.00,0.00,D,false,Generated,apigee,false,0,0,0,0,1,0,0,0,1
google_apigee_env_references,0.00,0.00,0.00,D,false,Generated,apigee,false,0,0,0,0,0,0,0,0,0
google_apigee_envgroup,0.00,0.00,0.00,D,true,Generated,apigee,false,0,0,0,0,1,0,1,0,0
google_apigee_envgroup_attachment,0.00,0.00,0.00,D,false,Generated,apigee,false,0,0,0,0,0,0,0,0,0
google_apigee_environment,2.00,2.00,0.00,A,true,Generated,apigee,false,0,0,0,0,7,0,6,1,0
google_apigee_environment_addons_config,0.00,0.00,0.00,D,false,Generated,apigee,false,0,0,0,0,0,0,0,0,0
google_apigee_environment_api_revision_deployment,2.00,2.00,0.00,D,false,Generated,apigee,false,0,0,0,0,1,0,0,0,1
google_apigee_environment_iam_binding,1.10,0.00,1.10,D,true,Generated,apigee,true,0,0,1,0,2,2,1,0,0
google_apigee_environment_iam_member,1.20,0.00,1.20,D,true,Generated,apigee,true,1,0,0,0,1,1,1,0,0
google_apigee_environment_iam_policy,1.20,0.00,1.20,D,false,Generated,apigee,true,1,0,0,0,0,1,0,0,0
google_apigee_environment_keyvaluemaps,0.00,0.00,0.00,D,false,Generated,apigee,false,0,0,0,0,0,0,0,0,0
google_apigee_environment_keyvaluemaps_entries,0.00,0.00,0.00,D,false,Generated,apigee,false,0,0,0,0,0,0,0,0,0
google_apigee_flowhook,0.00,0.00,0.00,D,false,Handwritten,apigee,false,0,0,0,0,0,0,0,0,0
google_apigee_instance,3.10,2.00,1.10,C,true,Generated,apigee,false,1,0,0,0,2,0,1,2,0
google_apigee_instance_attachment,0.00,0.00,0.00,D,false,Generated,apigee,false,0,0,0,0,0,0,0,0,0
google_apigee_keystores_aliases_pkcs12,12.00,12.00,0.00,B,false,Handwritten,apigee,false,0,0,0,0,6,0,0,0,6
google_apigee_keystores_aliases_self_signed_cert,12.00,12.00,0.00,B,true,Generated,apigee,false,0,0,0,0,8,1,1,0,6
google_apigee_nat_address,0.00,0.00,0.00,D,false,Generated,apigee,false,0,0,0,0,0,0,0,0,0
google_apigee_organization,2.00,2.00,0.00,D,true,Generated,apigee,false,0,0,0,0,3,0,2,1,0
google_apigee_security_action,0.00,0.00,0.00,A,true,Generated,apigee,false,0,0,0,0,29,1,28,0,0
google_apigee_security_monitoring_condition,0.00,0.00,0.00,D,true,Generated,apigee,false,0,0,0,0,1,0,1,0,0
google_apigee_security_profile_v2,0.00,0.00,0.00,D,true,Generated,apigee,false,0,0,0,0,1,1,0,0,0
google_apigee_sharedflow,11.75,4.00,7.75,B,false,Handwritten,apigee,false,1,0,0,3,2,0,4,0,2
google_apigee_sharedflow_deployment,0.00,0.00,0.00,D,false,Handwritten,apigee,false,0,0,0,0,0,0,0,0,0
google_apigee_sync_authorization,0.00,0.00,0.00,D,true,Generated,apigee,false,0,0,0,0,1,1,0,0,0
google_apigee_target_server,0.00,0.00,0.00,A,true,Generated,apigee,false,0,0,0,0,7,0,7,0,0
google_apihub_api_hub_instance,8.50,4.00,4.50,B,true,Generated,apihub,false,0,0,0,2,4,1,3,0,2
google_apihub_curation,4.25,2.00,2.25,C,true,Generated,apihub,false,0,0,0,1,4,3,1,0,1
google_apihub_host_project_registration,3.45,0.00,3.45,C,false,Generated,apihub,false,1,0,0,1,0,1,1,0,0
google_apihub_plugin,4.25,2.00,2.25,A,true,Generated,apihub,false,0,0,0,1,20,3,17,1,0
google_apihub_plugin_instance,18.25,16.00,2.25,A,true,Generated,apihub,false,0,0,0,1,29,9,13,3,5
google_app_engine_application,10.50,6.00,4.50,B,true,Handwritten,appengine,false,0,0,0,2,3,0,2,2,1
google_app_engine_application_url_dispatch_rules,2.25,0.00,2.25,C,true,Generated,appengine,false,0,0,0,1,1,1,1,0,0
google_app_engine_domain_mapping,6.25,4.00,2.25,C,true,Generated,appengine,false,0,0,0,1,2,0,1,1,1
google_app_engine_firewall_rule,2.25,0.00,2.25,C,false,Generated,appengine,false,0,0,0,1,0,0,1,0,0
google_app_engine_flexible_app_version,10.45,6.00,4.45,A,true,Generated,appengine,false,1,0,1,1,43,5,38,3,0
google_app_engine_service_network_settings,2.25,0.00,2.25,C,true,Generated,appengine,false,0,0,0,1,1,1,1,0,0
google_app_engine_service_split_traffic,2.25,0.00,2.25,C,true,Generated,appengine,false,0,0,0,1,3,3,1,0,0
google_app_engine_standard_app_version,6.45,2.00,4.45,A,true,Generated,appengine,false,1,0,1,1,23,3,22,1,0
google_apphub_application,4.50,0.00,4.50,A,true,Generated,apphub,false,0,0,0,2,12,1,13,0,0
google_apphub_service,7.45,4.00,3.45,A,true,Generated,apphub,false,1,0,0,1,13,1,12,0,2
google_apphub_service_project_attachment,3.25,0.00,3.25,C,false,Generated,apphub,false,1,0,0,1,0,0,2,0,0
google_apphub_workload,7.45,4.00,3.45,A,true,Generated,apphub,false,1,0,0,1,13,1,12,0,2
google_artifact_registry_repository,21.70,6.00,15.70,A,true,Generated,artifactregistry,false,10,0,1,2,64,1,73,1,2
google_artifact_registry_repository_iam_binding,1.10,0.00,1.10,D,true,Generated,artifactregistry,true,0,0,1,0,2,2,1,0,0
google_artifact_registry_repository_iam_member,1.20,0.00,1.20,D,true,Generated,artifactregistry,true,1,0,0,0,1,1,1,0,0
google_artifact_registry_repository_iam_policy,1.20,0.00,1.20,D,false,Generated,artifactregistry,true,1,0,0,0,0,1,0,0,0
google_artifact_registry_vpcsc_config,2.25,0.00,2.25,C,false,Generated,artifactregistry,false,0,0,0,1,0,0,1,0,0
google_backup_dr_backup_plan,5.45,2.00,3.45,A,true,Generated,backupdr,false,1,0,0,1,19,4,16,0,1
google_backup_dr_backup_plan_association,9.45,6.00,3.45,B,false,Generated,backupdr,false,1,0,0,1,3,1,1,0,3
google_backup_dr_backup_vault,12.75,6.00,6.75,B,true,Generated,backupdr,false,0,0,0,3,5,0,5,0,3
google_backup_dr_management_server,4.25,2.00,2.25,C,true,Generated,backupdr,false,0,0,0,1,2,0,2,0,1
google_backup_dr_service_config,2.25,0.00,2.25,C,false,Generated,backupdr,false,0,0,0,1,0,0,1,0,0
google_beyondcorp_app_connection,10.50,6.00,4.50,B,true,Generated,beyondcorp,false,0,0,0,2,6,1,4,1,2
google_beyondcorp_app_connector,8.50,4.00,4.50,B,true,Generated,beyondcorp,false,0,0,0,2,6,3,3,0,2
google_beyondcorp_app_gateway,10.50,6.00,4.50,B,true,Generated,beyondcorp,false,0,0,0,2,4,0,3,0,3
google_beyondcorp_security_gateway,15.25,12.00,3.25,A,true,Generated,beyondcorp,false,0,0,1,1,29,0,25,2,4
google_beyondcorp_security_gateway_application,2.25,0.00,2.25,A,true,Generated,beyondcorp,false,0,0,0,1,39,8,32,0,0
google_beyondcorp_security_gateway_application_iam_binding,1.10,0.00,1.10,D,true,Generated,beyondcorp,true,0,0,1,0,2,2,1,0,0
google_beyondcorp_security_gateway_application_iam_member,1.20,0.00,1.20,D,true,Generated,beyondcorp,true,1,0,0,0,1,1,1,0,0
google_beyondcorp_security_gateway_application_iam_policy,1.20,0.00,1.20,D,false,Generated,beyondcorp,true,1,0,0,0,0,1,0,0,0
google_beyondcorp_security_gateway_iam_binding,1.10,0.00,1.10,D,true,Generated,beyondcorp,true,0,0,1,0,2,2,1,0,0
google_beyondcorp_security_gateway_iam_member,1.20,0.00,1.20,D,true,Generated,beyondcorp,true,1,0,0,0,1,1,1,0,0
google_beyondcorp_security_gateway_iam_policy,1.20,0.00,1.20,D,false,Generated,beyondcorp,true,1,0,0,0,0,1,0,0,0
google_biglake_catalog,2.25,0.00,2.25,C,false,Generated,biglake,false,0,0,0,1,0,0,1,0,0
google_biglake_database,0.00,0.00,0.00,D,true,Generated,biglake,false,0,0,0,0,3,1,2,0,0
google_biglake_table,0.00,0.00,0.00,A,true,Generated,biglake,false,0,0,0,0,5,0,5,0,0
google_bigquery_analytics_hub_data_exchange,4.25,2.00,2.25,A,true,Generated,bigqueryanalyticshub,false,0,0,0,1,5,0,5,1,0
google_bigquery_analytics_hub_data_exchange_iam_binding,1.10,0.00,1.10,D,true,Generated,bigqueryanalyticshub,true,0,0,1,0,2,2,1,0,0
google_bigquery_analytics_hub_data_exchange_iam_member,1.20,0.00,1.20,D,true,Generated,bigqueryanalyticshub,true,1,0,0,0,1,1,1,0,0
google_bigquery_analytics_hub_data_exchange_iam_policy,1.20,0.00,1.20,D,false,Generated,bigqueryanalyticshub,true,1,0,0,0,0,1,0,0,0
google_bigquery_analytics_hub_data_exchange_subscription,14.65,4.00,10.65,A,true,Generated,bigqueryanalyticshub,false,7,0,0,1,7,9,4,0,2
google_bigquery_analytics_hub_listing,21.05,6.00,15.05,A,true,Generated,bigqueryanalyticshub,false,10,0,2,1,13,4,19,0,3
google_bigquery_analytics_hub_listing_iam_binding,1.10,0.00,1.10,D,true,Generated,bigqueryanalyticshub,true,0,0,1,0,2,2,1,0,0
google_bigquery_analytics_hub_listing_iam_member,1.20,0.00,1.20,D,true,Generated,bigqueryanalyticshub,true,1,0,0,0,1,1,1,0,0
google_bigquery_analytics_hub_listing_iam_policy,1.20,0.00,1.20,D,false,Generated,bigqueryanalyticshub,true,1,0,0,0,0,1,0,0,0
google_bigquery_analytics_hub_listing_subscription,15.85,10.00,5.85,A,true,Generated,bigqueryanalyticshub,false,3,0,0,1,10,6,3,0,5
google_bigquery_bi_reservation,2.25,0.00,2.25,C,true,Generated,bigqueryreservation,false,0,0,0,1,1,0,2,0,0
google_bigquery_capacity_commitment,4.45,0.00,4.45,C,false,Generated,bigqueryreservation,false,2,0,0,1,0,1,2,0,0
google_bigquery_connection,2.25,0.00,2.25,A,true,Generated,bigqueryconnection,false,0,0,0,1,14,4,11,0,0
google_bigquery_connection_iam_binding,1.10,0.00,1.10,D,true,Generated,bigqueryconnection,true,0,0,1,0,2,2,1,0,0
google_bigquery_connection_iam_member,1.20,0.00,1.20,D,true,Generated,bigqueryconnection,true,1,0,0,0,1,1,1,0,0
google_bigquery_connection_iam_policy,1.20,0.00,1.20,D,false,Generated,bigqueryconnection,true,1,0,0,0,0,1,0,0,0
google_bigquery_data_transfer_config,6.75,0.00,6.75,A,true,Generated,bigquerydatatransfer,false,0,0,0,3,5,1,7,0,0
google_bigquery_datapolicy_data_policy,5.45,0.00,5.45,C,true,Generated,bigquerydatapolicy,false,3,0,0,1,1,1,4,0,0
google_bigquery_datapolicy_data_policy_iam_binding,1.10,0.00,1.10,D,true,Generated,bigquerydatapolicy,true,0,0,1,0,2,2,1,0,0
google_bigquery_datapolicy_data_policy_iam_member,1.20,0.00,1.20,D,true,Generated,bigquerydatapolicy,true,1,0,0,0,1,1,1,0,0
google_bigquery_datapolicy_data_policy_iam_policy,1.20,0.00,1.20,D,false,Generated,bigquerydatapolicy,true,1,0,0,0,0,1,0,0,0
google_bigquery_datapolicyv2_data_policy,6.25,2.00,4.25,C,true,Generated,bigquerydatapolicyv2,false,2,0,0,1,2,0,4,1,0
google_bigquery_datapolicyv2_data_policy_iam_binding,1.10,0.00,1.10,D,true,Generated,bigquerydatapolicyv2,true,0,0,1,0,2,2,1,0,0
google_bigquery_datapolicyv2_data_policy_iam_member,1.20,0.00,1.20,D,true,Generated,bigquerydatapolicyv2,true,1,0,0,0,1,1,1,0,0
google_bigquery_datapolicyv2_data_policy_iam_policy,1.20,0.00,1.20,D,false,Generated,bigquerydatapolicyv2,true,1,0,0,0,0,1,0,0,0
google_bigquery_dataset,12.70,6.00,6.70,A,true,Generated,bigquery,false,1,0,1,2,24,6,18,2,2
google_bigquery_dataset_access,8.25,0.00,8.25,A,true,Generated,bigquery,false,6,0,0,1,8,4,11,0,0
google_bigquery_dataset_iam_binding,1.10,0.00,1.10,D,true,HandwrittenIAM,bigquery,true,0,0,1,0,2,2,1,0,0
google_bigquery_dataset_iam_member,1.20,0.00,1.20,D,true,HandwrittenIAM,bigquery,true,1,0,0,0,1,1,1,0,0
google_bigquery_dataset_iam_policy,1.20,0.00,1.20,D,false,HandwrittenIAM,bigquery,true,1,0,0,0,0,1,0,0,0
google_bigquery_job,44.10,18.00,26.10,A,true,Generated,bigquery,false,18,0,0,2,52,26,37,2,7
google_bigquery_reservation,8.25,6.00,2.25,C,true,Generated,bigqueryreservation,false,0,0,0,1,4,0,2,0,3
google_bigquery_reservation_assignment,4.65,0.00,4.65,C,false,Generated,bigqueryreservation,false,2,0,0,1,0,2,1,0,0
google_bigquery_routine,30.25,24.00,6.25,A,true,Generated,bigquery,false,4,0,0,1,16,0,9,12,0
google_bigquery_row_access_policy,2.25,0.00,2.25,C,true,Generated,bigquery,false,0,0,0,1,1,0,2,0,0
google_bigquery_table,21.55,4.00,17.55,A,true,Handwritten,bigquery,false,10,0,0,3,66,15,58,4,2
google_bigquery_table_iam_binding,1.10,0.00,1.10,D,true,Generated,bigquery,true,0,0,1,0,2,2,1,0,0
google_bigquery_table_iam_member,1.20,0.00,1.20,D,true,Generated,bigquery,true,1,0,0,0,1,1,1,0,0
google_bigquery_table_iam_policy,1.20,0.00,1.20,D,false,Generated,bigquery,true,1,0,0,0,0,1,0,0,0
google_bigtable_app_profile,5.25,2.00,3.25,C,true,Generated,bigtable,false,1,0,0,1,4,0,5,1,0
google_bigtable_authorized_view,4.65,0.00,4.65,A,true,Handwritten,bigtable,false,2,0,0,1,11,2,12,0,0
google_bigtable_gc_policy,5.45,0.00,5.45,C,true,Handwritten,bigtable,false,3,0,0,1,2,1,5,0,0
google_bigtable_instance,15.00,6.00,9.00,B,true,Handwritten,bigtable,false,0,0,0,4,6,0,7,1,2
google_bigtable_instance_iam_binding,1.10,0.00,1.10,D,true,HandwrittenIAM,bigtable,true,0,0,1,0,2,2,1,0,0
google_bigtable_instance_iam_member,1.20,0.00,1.20,D,true,HandwrittenIAM,bigtable,true,1,0,0,0,1,1,1,0,0
google_bigtable_instance_iam_policy,1.20,0.00,1.20,D,false,HandwrittenIAM,bigtable,true,1,0,0,0,0,1,0,0,0
google_bigtable_logical_view,3.25,0.00,3.25,C,false,Generated,bigtable,false,1,0,0,1,0,0,2,0,0
google_bigtable_materialized_view,3.25,0.00,3.25,C,false,Generated,bigtable,false,1,0,0,1,0,0,2,0,0
google_bigtable_schema_bundle,4.25,0.00,4.25,C,true,Generated,bigtable,false,2,0,0,1,1,1,3,0,0
google_bigtable_table,13.70,4.00,9.70,B,true,Handwritten,bigtable,false,4,0,1,2,4,1,8,2,0
google_bigtable_table_iam_binding,1.10,0.00,1.10,D,true,HandwrittenIAM,bigtable,true,0,0,1,0,2,2,1,0,0
google_bigtable_table_iam_member,1.20,0.00,1.20,D,true,HandwrittenIAM,bigtable,true,1,0,0,0,1,1,1,0,0
google_bigtable_table_iam_policy,1.20,0.00,1.20,D,false,HandwrittenIAM,bigtable,true,1,0,0,0,0,1,0,0,0
google_billing_account_iam_binding,1.10,0.00,1.10,D,true,HandwrittenIAM,billing,true,0,0,1,0,2,2,1,0,0
google_billing_account_iam_member,1.20,0.00,1.20,D,true,HandwrittenIAM,billing,true,1,0,0,0,1,1,1,0,0
google_billing_account_iam_policy,1.20,0.00,1.20,D,false,HandwrittenIAM,billing,true,1,0,0,0,0,1,0,0,0
google_billing_budget,16.00,10.00,6.00,A,true,Generated,billing,false,2,0,4,0,28,4,25,5,0
google_billing_project_info,2.25,0.00,2.25,C,false,Generated,corebilling,false,0,0,0,1,0,0,1,0,0
google_billing_subaccount,1.20,0.00,1.20,D,false,Handwritten,resourcemanager,false,1,0,0,0,0,1,0,0,0
google_binary_authorization_attestor,8.65,0.00,8.65,A,true,Generated,binaryauthorization,false,6,0,0,1,6,3,10,0,0
google_binary_authorization_attestor_iam_binding,1.10,0.00,1.10,D,true,Generated,binaryauthorization,true,0,0,1,0,2,2,1,0,0
google_binary_authorization_attestor_iam_member,1.20,0.00,1.20,D,true,Generated,binaryauthorization,true,1,0,0,0,1,1,1,0,0
google_binary_authorization_attestor_iam_policy,1.20,0.00,1.20,D,false,Generated,binaryauthorization,true,1,0,0,0,0,1,0,0,0
google_binary_authorization_policy,11.25,0.00,11.25,A,true,Generated,binaryauthorization,false,4,0,5,1,7,1,16,0,0
google_blockchain_node_engine_blockchain_nodes,18.50,14.00,4.50,A,true,Generated,blockchainnodeengine,false,0,0,0,2,16,0,11,0,7
google_certificate_manager_certificate,23.50,14.00,9.50,A,true,Generated,certificatemanager,false,5,0,0,2,14,0,14,0,7
google_certificate_manager_certificate_issuance_config,12.10,4.00,8.10,B,true,Generated,certificatemanager,false,3,0,0,2,6,4,5,0,2
google_certificate_manager_certificate_map,10.50,6.00,4.50,A,true,Generated,certificatemanager,false,0,0,0,2,9,0,8,0,3
google_certificate_manager_certificate_map_entry,10.90,4.00,6.90,B,true,Generated,certificatemanager,false,2,0,0,2,4,3,3,0,2
google_certificate_manager_dns_authorization,10.50,6.00,4.50,B,true,Generated,certificatemanager,false,0,0,0,2,4,0,3,0,3
google_certificate_manager_trust_config,8.50,4.00,4.50,A,true,Generated,certificatemanager,false,0,0,0,2,9,0,9,0,2
google_ces_app,24.25,4.00,20.25,A,true,Generated,ces,false,18,0,0,1,51,2,66,0,2
google_ces_toolset,2.25,0.00,2.25,A,true,Generated,ces,false,0,0,0,1,26,3,24,0,0
google_chronicle_data_access_label,2.25,0.00,2.25,C,false,Generated,chronicle,false,0,0,0,1,0,0,1,0,0
google_chronicle_data_access_scope,2.25,0.00,2.25,A,true,Generated,chronicle,false,0,0,0,1,6,0,7,0,0
google_chronicle_reference_list,7.25,2.00,5.25,A,true,Generated,chronicle,false,3,0,0,1,8,1,10,0,1
google_chronicle_retrohunt,4.25,2.00,2.25,C,true,Generated,chronicle,false,0,0,0,1,2,1,1,0,1
google_chronicle_rule,15.25,12.00,3.25,B,true,Generated,chronicle,false,1,0,0,1,8,0,4,0,6
google_chronicle_rule_deployment,7.25,4.00,3.25,C,false,Generated,chronicle,false,1,0,0,1,2,0,2,0,2
google_chronicle_watchlist,10.25,8.00,2.25,B,true,Generated,chronicle,false,0,0,0,1,5,1,1,3,1
google_cloud_asset_folder_feed,0.00,0.00,0.00,A,true,Generated,cloudasset,false,0,0,0,0,6,3,3,0,0
google_cloud_asset_organization_feed,0.00,0.00,0.00,A,true,Generated,cloudasset,false,0,0,0,0,6,3,3,0,0
google_cloud_asset_project_feed,2.25,0.00,2.25,A,true,Generated,cloudasset,false,0,0,0,1,6,3,4,0,0
google_cloud_identity_group,2.00,2.00,0.00,D,true,Generated,cloudidentity,false,0,0,0,0,3,2,0,0,1
google_cloud_identity_group_membership,5.20,4.00,1.20,A,true,Generated,cloudidentity,false,1,0,0,0,5,2,2,2,0
google_cloud_ids_endpoint,2.25,0.00,2.25,C,true,Generated,cloudids,false,0,0,0,1,1,0,2,0,0
google_cloud_quotas_quota_adjuster_settings,0.00,0.00,0.00,D,false,Generated,cloudquotas,false,0,0,0,0,0,0,0,0,0
google_cloud_quotas_quota_preference,5.50,2.00,3.50,C,true,Generated,cloudquotas,false,3,0,0,0,4,3,2,2,0
google_cloud_run_domain_mapping,31.40,20.00,11.40,A,true,Generated,cloudrun,false,2,0,0,4,17,3,10,1,9
google_cloud_run_service,101.60,86.00,15.60,A,true,Generated,cloudrun,false,6,0,0,4,179,6,134,38,11
google_cloud_run_service_iam_binding,1.10,0.00,1.10,D,true,Generated,cloudrun,true,0,0,1,0,2,2,1,0,0
google_cloud_run_service_iam_member,1.20,0.00,1.20,D,true,Generated,cloudrun,true,1,0,0,0,1,1,1,0,0
google_cloud_run_service_iam_policy,1.20,0.00,1.20,D,false,Generated,cloudrun,true,1,0,0,0,0,1,0,0,0
google_cloud_run_v2_job,51.95,44.00,7.95,A,true,Generated,cloudrunv2,false,1,0,0,3,141,4,119,16,6
google_cloud_run_v2_job_iam_binding,1.10,0.00,1.10,D,true,Generated,cloudrunv2,true,0,0,1,0,2,2,1,0,0
google_cloud_run_v2_job_iam_member,1.20,0.00,1.20,D,true,Generated,cloudrunv2,true,1,0,0,0,1,1,1,0,0
google_cloud_run_v2_job_iam_policy,1.20,0.00,1.20,D,false,Generated,cloudrunv2,true,1,0,0,0,0,1,0,0,0
google_cloud_run_v2_service,63.95,52.00,11.95,A,true,Generated,cloudrunv2,false,1,0,4,3,147,2,127,16,10
google_cloud_run_v2_service_iam_binding,1.10,0.00,1.10,D,true,Generated,cloudrunv2,true,0,0,1,0,2,2,1,0,0
google_cloud_run_v2_service_iam_member,1.20,0.00,1.20,D,true,Generated,cloudrunv2,true,1,0,0,0,1,1,1,0,0
google_cloud_run_v2_service_iam_policy,1.20,0.00,1.20,D,false,Generated,cloudrunv2,true,1,0,0,0,0,1,0,0,0
google_cloud_run_v2_worker_pool,41.95,30.00,11.95,A,true,Generated,cloudrunv2,false,1,0,4,3,130,2,121,9,6
google_cloud_run_v2_worker_pool_iam_binding,1.10,0.00,1.10,D,true,Generated,cloudrunv2,true,0,0,1,0,2,2,1,0,0
google_cloud_run_v2_worker_pool_iam_member,1.20,0.00,1.20,D,true,Generated,cloudrunv2,true,1,0,0,0,1,1,1,0,0
google_cloud_run_v2_worker_pool_iam_policy,1.20,0.00,1.20,D,false,Generated,cloudrunv2,true,1,0,0,0,0,1,0,0,0
google_cloud_scheduler_job,14.15,0.00,14.15,A,true,Generated,cloudscheduler,false,6,1,0,3,16,2,24,0,0
google_cloud_tasks_queue,12.85,4.00,8.85,A,true,Generated,cloudtasks,false,6,0,0,1,22,3,18,8,0
google_cloud_tasks_queue_iam_binding,1.10,0.00,1.10,D,true,Generated,cloudtasks,true,0,0,1,0,2,2,1,0,0
google_cloud_tasks_queue_iam_member,1.20,0.00,1.20,D,true,Generated,cloudtasks,true,1,0,0,0,1,1,1,0,0
google_cloud_tasks_queue_iam_policy,1.20,0.00,1.20,D,false,Generated,cloudtasks,true,1,0,0,0,0,1,0,0,0
google_cloudbuild_bitbucket_server_config,2.25,0.00,2.25,C,true,Generated,cloudbuild,false,0,0,0,1,2,1,2,0,0
google_cloudbuild_trigger,14.50,10.00,4.50,A,true,Generated,cloudbuild,false,0,0,0,2,122,5,114,1,4
google_cloudbuildv2_connection,55.10,4.00,51.10,A,true,Generated,cloudbuildv2,false,40,0,0,2,28,45,23,0,2
google_cloudbuildv2_connection_iam_binding,1.10,0.00,1.10,D,true,Generated,cloudbuildv2,true,0,0,1,0,2,2,1,0,0
google_cloudbuildv2_connection_iam_member,1.20,0.00,1.20,D,true,Generated,cloudbuildv2,true,1,0,0,0,1,1,1,0,0
google_cloudbuildv2_connection_iam_policy,1.20,0.00,1.20,D,false,Generated,cloudbuildv2,true,1,0,0,0,0,1,0,0,0
google_cloudbuildv2_repository,7.70,2.00,5.70,C,true,Generated,cloudbuildv2,false,1,0,0,2,2,1,3,0,1
google_clouddeploy_automation,18.75,12.00,6.75,A,true,Generated,clouddeploy,false,0,0,0,3,40,4,33,3,3
google_clouddeploy_custom_target_type,12.75,6.00,6.75,A,true,Generated,clouddeploy,false,0,0,0,3,20,0,20,0,3
google_clouddeploy_custom_target_type_iam_binding,1.10,0.00,1.10,D,true,Generated,clouddeploy,true,0,0,1,0,2,2,1,0,0
google_clouddeploy_custom_target_type_iam_member,1.20,0.00,1.20,D,true,Generated,clouddeploy,true,1,0,0,0,1,1,1,0,0
google_clouddeploy_custom_target_type_iam_policy,1.20,0.00,1.20,D,false,Generated,clouddeploy,true,1,0,0,0,0,1,0,0,0
google_clouddeploy_delivery_pipeline_iam_binding,1.10,0.00,1.10,D,true,Generated,clouddeploy,true,0,0,1,0,2,2,1,0,0
google_clouddeploy_delivery_pipeline_iam_member,1.20,0.00,1.20,D,true,Generated,clouddeploy,true,1,0,0,0,1,1,1,0,0
google_clouddeploy_delivery_pipeline_iam_policy,1.20,0.00,1.20,D,false,Generated,clouddeploy,true,1,0,0,0,0,1,0,0,0
google_clouddeploy_deploy_policy,24.75,18.00,6.75,A,true,Generated,clouddeploy,false,0,0,0,3,71,22,43,6,3
google_clouddeploy_target_iam_binding,1.10,0.00,1.10,D,true,Generated,clouddeploy,true,0,0,1,0,2,2,1,0,0
google_clouddeploy_target_iam_member,1.20,0.00,1.20,D,true,Generated,clouddeploy,true,1,0,0,0,1,1,1,0,0
google_clouddeploy_target_iam_policy,1.20,0.00,1.20,D,false,Generated,clouddeploy,true,1,0,0,0,0,1,0,0,0
google_clouddomains_registration,14.50,10.00,4.50,A,true,Generated,clouddomains,false,0,0,0,2,66,20,43,1,4
google_cloudfunctions2_function,28.70,22.00,6.70,A,true,Generated,cloudfunctions2,false,2,0,0,2,36,0,27,11,2
google_cloudfunctions2_function_iam_binding,1.10,0.00,1.10,D,true,Generated,cloudfunctions2,true,0,0,1,0,2,2,1,0,0
google_cloudfunctions2_function_iam_member,1.20,0.00,1.20,D,true,Generated,cloudfunctions2,true,1,0,0,0,1,1,1,0,0
google_cloudfunctions2_function_iam_policy,1.20,0.00,1.20,D,false,Generated,cloudfunctions2,true,1,0,0,0,0,1,0,0,0
google_cloudfunctions_function,22.15,12.00,10.15,A,true,Handwritten,cloudfunctions,false,3,0,0,3,12,2,10,4,2
google_cloudfunctions_function_iam_binding,1.10,0.00,1.10,D,true,Generated,cloudfunctions,true,0,0,1,0,2,2,1,0,0
google_cloudfunctions_function_iam_member,1.20,0.00,1.20,D,true,Generated,cloudfunctions,true,1,0,0,0,1,1,1,0,0
google_cloudfunctions_function_iam_policy,1.20,0.00,1.20,D,false,Generated,cloudfunctions,true,1,0,0,0,0,1,0,0,0
google_colab_notebook_execution,4.65,0.00,4.65,C,true,Generated,colab,false,2,0,0,1,3,2,4,0,0
google_colab_runtime,4.65,0.00,4.65,C,true,Generated,colab,false,2,0,0,1,1,2,2,0,0
google_colab_runtime_template,35.30,20.00,15.30,A,true,Generated,colab,false,6,4,0,2,14,0,8,16,2
google_colab_runtime_template_iam_binding,1.10,0.00,1.10,D,true,Generated,colab,true,0,0,1,0,2,2,1,0,0
google_colab_runtime_template_iam_member,1.20,0.00,1.20,D,true,Generated,colab,true,1,0,0,0,1,1,1,0,0
google_colab_runtime_template_iam_policy,1.20,0.00,1.20,D,false,Generated,colab,true,1,0,0,0,0,1,0,0,0
google_colab_schedule,7.05,0.00,7.05,A,true,Generated,colab,false,4,0,0,1,9,7,7,0,0
google_composer_environment,161.60,108.00,53.60,A,true,Handwritten,composer,false,31,0,6,6,80,2,43,76,2
google_composer_user_workloads_config_map,2.25,0.00,2.25,C,true,Generated,composer,false,0,0,0,1,1,0,2,0,0
google_composer_user_workloads_secret,4.50,0.00,4.50,C,false,Handwritten,composer,false,0,0,0,2,0,0,2,0,0
google_compute_address,14.70,6.00,8.70,B,true,Generated,compute,false,3,1,0,2,4,0,5,2,3
google_compute_attached_disk,6.90,0.00,6.90,C,false,Handwritten,compute,false,2,0,0,2,0,2,2,0,0
google_compute_autoscaler,14.80,8.00,6.80,A,true,Generated,compute,false,2,0,0,2,19,2,16,5,0
google_compute_backend_bucket,5.25,2.00,3.25,A,true,Generated,compute,false,1,0,0,1,17,0,18,1,0
google_compute_backend_bucket_iam_binding,1.10,0.00,1.10,D,true,Generated,compute,true,0,0,1,0,2,2,1,0,0
google_compute_backend_bucket_iam_member,1.20,0.00,1.20,D,true,Generated,compute,true,1,0,0,0,1,1,1,0,0
google_compute_backend_bucket_iam_policy,1.20,0.00,1.20,D,false,Generated,compute,true,1,0,0,0,0,1,0,0,0
google_compute_backend_bucket_signed_url_key,3.45,0.00,3.45,C,false,Generated,compute,false,1,0,0,1,0,1,1,0,0
google_compute_backend_service,26.65,6.00,20.65,A,true,Generated,compute,false,8,0,10,1,70,2,84,3,0
google_compute_backend_service_iam_binding,1.10,0.00,1.10,D,true,Generated,compute,true,0,0,1,0,2,2,1,0,0
google_compute_backend_service_iam_member,1.20,0.00,1.20,D,true,Generated,compute,true,1,0,0,0,1,1,1,0,0
google_compute_backend_service_iam_policy,1.20,0.00,1.20,D,false,Generated,compute,true,1,0,0,0,0,1,0,0,0
google_compute_backend_service_signed_url_key,3.45,0.00,3.45,C,false,Generated,compute,false,1,0,0,1,0,1,1,0,0
google_compute_cross_site_network,2.25,0.00,2.25,C,false,Generated,compute,false,0,0,0,1,0,0,1,0,0
google_compute_disk,36.10,12.00,24.10,A,true,Generated,compute,false,16,0,0,3,14,0,26,4,3
google_compute_disk_async_replication,3.60,0.00,3.60,C,true,Handwritten,compute,false,3,0,0,0,1,4,0,0,0
google_compute_disk_iam_binding,1.10,0.00,1.10,D,true,Generated,compute,true,0,0,1,0,2,2,1,0,0
google_compute_disk_iam_member,1.20,0.00,1.20,D,true,Generated,compute,true,1,0,0,0,1,1,1,0,0
google_compute_disk_iam_policy,1.20,0.00,1.20,D,false,Generated,compute,true,1,0,0,0,0,1,0,0,0
google_compute_disk_resource_policy_attachment,6.80,0.00,6.80,C,false,Generated,compute,false,2,0,0,2,0,1,2,1,0
google_compute_external_vpn_gateway,8.50,4.00,4.50,B,true,Generated,compute,false,0,0,0,2,4,0,4,0,2
google_compute_firewall,24.95,2.00,22.95,A,true,Generated,compute,false,7,0,8,3,16,5,27,2,0
google_compute_firewall_policy,3.45,0.00,3.45,C,false,Generated,compute,false,1,0,0,1,0,1,1,0,0
google_compute_firewall_policy_association,4.65,0.00,4.65,C,false,Generated,compute,false,2,0,0,1,0,2,1,0,0
google_compute_firewall_policy_rule,9.45,0.00,9.45,A,true,Generated,compute,false,7,0,0,1,33,4,37,0,0
google_compute_firewall_policy_with_rules,98.00,98.00,0.00,A,true,Generated,compute,false,0,0,0,0,101,6,46,0,49
google_compute_forwarding_rule,23.35,6.00,17.35,A,true,Generated,compute,false,9,0,1,3,6,0,10,7,2
google_compute_future_reservation,4.25,2.00,2.25,A,true,Generated,compute,false,0,0,0,1,82,3,79,0,1
google_compute_global_address,11.50,4.00,7.50,B,true,Generated,compute,false,1,2,0,2,3,0,6,0,2
google_compute_global_forwarding_rule,17.10,6.00,11.10,A,true,Generated,compute,false,6,0,0,2,8,3,6,5,2
google_compute_global_network_endpoint,3.45,0.00,3.45,C,false,Generated,compute,false,1,0,0,1,0,1,1,0,0
google_compute_global_network_endpoint_group,2.25,0.00,2.25,C,false,Generated,compute,false,0,0,0,1,0,0,1,0,0
google_compute_ha_vpn_gateway,14.80,6.00,8.80,B,true,Generated,compute,false,4,0,0,2,4,1,5,2,2
google_compute_health_check,13.50,2.00,11.50,A,true,Generated,compute,false,7,0,0,2,9,0,17,1,0
google_compute_http_health_check,2.25,0.00,2.25,C,false,Generated,compute,false,0,0,0,1,0,0,1,0,0
google_compute_https_health_check,2.25,0.00,2.25,C,false,Generated,compute,false,0,0,0,1,0,0,1,0,0
google_compute_image,43.90,12.00,31.90,A,true,Generated,compute,false,25,0,0,2,20,12,29,4,2
google_compute_image_iam_binding,1.10,0.00,1.10,D,true,Generated,compute,true,0,0,1,0,2,2,1,0,0
google_compute_image_iam_member,1.20,0.00,1.20,D,true,Generated,compute,true,1,0,0,0,1,1,1,0,0
google_compute_image_iam_policy,1.20,0.00,1.20,D,false,Generated,compute,true,1,0,0,0,0,1,0,0,0
google_compute_instance,113.65,28.00,85.65,A,true,Handwritten,compute,false,55,3,6,7,63,23,59,50,2
google_compute_instance_from_machine_image,0.00,0.00,0.00,D,false,Handwritten,compute,false,0,0,0,0,0,0,0,0,0
google_compute_instance_from_template,0.00,0.00,0.00,D,false,Handwritten,compute,false,0,0,0,0,0,0,0,0,0
google_compute_instance_group,8.80,2.00,6.80,B,true,Handwritten,compute,false,1,0,1,2,2,0,3,3,0
google_compute_instance_group_manager,50.55,30.00,20.55,A,true,Handwritten,compute,false,6,2,5,3,31,5,27,5,10
google_compute_instance_group_membership,5.65,0.00,5.65,C,false,Generated,compute,false,3,0,0,1,0,2,2,0,0
google_compute_instance_group_named_port,6.80,0.00,6.80,C,false,Generated,compute,false,2,0,0,2,0,1,2,1,0
google_compute_instance_iam_binding,1.10,0.00,1.10,D,true,Generated,compute,true,0,0,1,0,2,2,1,0,0
google_compute_instance_iam_member,1.20,0.00,1.20,D,true,Generated,compute,true,1,0,0,0,1,1,1,0,0
google_compute_instance_iam_policy,1.20,0.00,1.20,D,false,Generated,compute,true,1,0,0,0,0,1,0,0,0
google_compute_instance_settings,3.45,0.00,3.45,C,true,Generated,compute,false,1,0,0,1,3,1,4,0,0
google_compute_instance_template,53.65,10.00,43.65,A,true,Handwritten,compute,false,17,3,12,5,60,19,62,12,4
google_compute_instance_template_iam_binding,1.10,0.00,1.10,D,true,Generated,compute,true,0,0,1,0,2,2,1,0,0
google_compute_instance_template_iam_member,1.20,0.00,1.20,D,true,Generated,compute,true,1,0,0,0,1,1,1,0,0
google_compute_instance_template_iam_policy,1.20,0.00,1.20,D,false,Generated,compute,true,1,0,0,0,0,1,0,0,0
google_compute_instant_snapshot,10.80,4.00,6.80,B,true,Generated,compute,false,2,0,0,2,3,1,3,1,2
google_compute_instant_snapshot_iam_binding,1.10,0.00,1.10,D,true,Generated,compute,true,0,0,1,0,2,2,1,0,0
google_compute_instant_snapshot_iam_member,1.20,0.00,1.20,D,true,Generated,compute,true,1,0,0,0,1,1,1,0,0
google_compute_instant_snapshot_iam_policy,1.20,0.00,1.20,D,false,Generated,compute,true,1,0,0,0,0,1,0,0,0
google_compute_interconnect,26.90,20.00,6.90,A,true,Generated,compute,false,2,0,1,2,25,4,15,0,11
google_compute_interconnect_attachment,13.80,6.00,7.80,B,true,Generated,compute,false,3,0,0,2,6,1,6,1,3
google_compute_interconnect_attachment_group,88.25,86.00,2.25,A,true,Generated,compute,false,0,0,0,1,45,1,2,0,43
google_compute_interconnect_group,76.25,74.00,2.25,A,true,Generated,compute,false,0,0,0,1,39,1,2,0,37
google_compute_machine_image,7.45,2.00,5.45,C,true,Generated,compute,false,3,0,0,1,2,1,4,0,1
google_compute_machine_image_iam_binding,1.10,0.00,1.10,D,true,Generated,compute,true,0,0,1,0,2,2,1,0,0
google_compute_machine_image_iam_member,1.20,0.00,1.20,D,true,Generated,compute,true,1,0,0,0,1,1,1,0,0
google_compute_machine_image_iam_policy,1.20,0.00,1.20,D,false,Generated,compute,true,1,0,0,0,0,1,0,0,0
google_compute_managed_ssl_certificate,6.65,2.00,4.65,C,true,Generated,compute,false,2,0,0,1,4,4,2,0,1
google_compute_network,3.25,0.00,3.25,C,true,Generated,compute,false,1,0,0,1,3,0,5,0,0
google_compute_network_attachment,5.35,2.00,3.35,C,true,Generated,compute,false,1,0,0,1,4,1,3,1,1
google_compute_network_edge_security_service,3.25,0.00,3.25,C,false,Generated,compute,false,1,0,0,1,0,0,2,0,0
google_compute_network_endpoint,7.80,0.00,7.80,C,false,Generated,compute,false,3,0,0,2,0,1,3,1,0
google_compute_network_endpoint_group,7.80,0.00,7.80,C,false,Generated,compute,false,3,0,0,2,0,1,3,1,0
google_compute_network_endpoints,8.80,0.00,8.80,B,true,Generated,compute,false,4,0,0,2,1,1,5,1,0
google_compute_network_firewall_policy,2.25,0.00,2.25,C,false,Generated,compute,false,0,0,0,1,0,0,1,0,0
google_compute_network_firewall_policy_association,4.65,0.00,4.65,C,false,Generated,compute,false,2,0,0,1,0,2,1,0,0
google_compute_network_firewall_policy_packet_mirroring_rule,3.45,0.00,3.45,A,true,Generated,compute,false,1,0,0,1,11,4,9,0,0
google_compute_network_firewall_policy_rule,9.45,0.00,9.45,A,true,Generated,compute,false,7,0,0,1,32,4,36,0,0
google_compute_network_firewall_policy_with_rules,96.25,94.00,2.25,A,true,Generated,compute,false,0,0,0,1,97,6,45,0,47
google_compute_network_peering,2.40,0.00,2.40,C,false,Handwritten,compute,false,2,0,0,0,0,2,0,0,0
google_compute_network_peering_routes_config,3.45,0.00,3.45,C,false,Generated,compute,false,1,0,0,1,0,1,1,0,0
google_compute_node_group,8.55,4.00,4.55,A,true,Generated,compute,false,2,0,0,1,5,1,4,3,0
google_compute_node_template,5.35,2.00,3.35,A,true,Generated,compute,false,1,0,0,1,5,0,5,2,0
google_compute_organization_security_policy,0.00,0.00,0.00,D,false,Generated,compute,false,0,0,0,0,0,0,0,0,0
google_compute_organization_security_policy_association,0.00,0.00,0.00,D,false,Generated,compute,false,0,0,0,0,0,0,0,0,0
google_compute_organization_security_policy_rule,0.00,0.00,0.00,A,true,Generated,compute,false,0,0,0,0,18,6,12,0,0
google_compute_packet_mirroring,18.25,0.00,18.25,A,true,Generated,compute,false,10,0,4,1,14,13,16,0,0
google_compute_per_instance_config,14.80,0.00,14.80,A,true,Generated,compute,false,10,0,0,2,15,1,25,1,0
google_compute_preview_feature,2.25,0.00,2.25,C,true,Generated,compute,false,0,0,0,1,3,0,4,0,0
google_compute_project_cloud_armor_tier,2.25,0.00,2.25,C,false,Generated,compute,false,0,0,0,1,0,0,1,0,0
google_compute_project_default_network_tier,2.25,0.00,2.25,C,false,Handwritten,compute,false,0,0,0,1,0,0,1,0,0
google_compute_project_metadata,2.25,0.00,2.25,C,true,Handwritten,compute,false,0,0,0,1,1,1,1,0,0
google_compute_project_metadata_item,2.25,0.00,2.25,C,false,Handwritten,compute,false,0,0,0,1,0,0,1,0,0
google_compute_public_advertised_prefix,2.25,0.00,2.25,C,false,Generated,compute,false,0,0,0,1,0,0,1,0,0
google_compute_public_delegated_prefix,5.45,2.00,3.45,C,false,Generated,compute,false,1,0,0,1,1,1,1,0,1
google_compute_region_autoscaler,10.80,4.00,6.80,A,true,Generated,compute,false,2,0,0,2,19,2,18,3,0
google_compute_region_backend_service,33.00,10.00,23.00,A,true,Generated,compute,false,10,0,8,2,55,2,67,6,0
google_compute_region_backend_service_iam_binding,1.10,0.00,1.10,D,true,Generated,compute,true,0,0,1,0,2,2,1,0,0
google_compute_region_backend_service_iam_member,1.20,0.00,1.20,D,true,Generated,compute,true,1,0,0,0,1,1,1,0,0
google_compute_region_backend_service_iam_policy,1.20,0.00,1.20,D,false,Generated,compute,true,1,0,0,0,0,1,0,0,0
google_compute_region_commitment,3.35,0.00,3.35,C,true,Generated,compute,false,1,0,0,1,2,0,3,1,0
google_compute_region_disk,25.10,10.00,15.10,A,true,Generated,compute,false,7,0,0,3,10,1,13,3,3
google_compute_region_disk_iam_binding,1.10,0.00,1.10,D,true,Generated,compute,true,0,0,1,0,2,2,1,0,0
google_compute_region_disk_iam_member,1.20,0.00,1.20,D,true,Generated,compute,true,1,0,0,0,1,1,1,0,0
google_compute_region_disk_iam_policy,1.20,0.00,1.20,D,false,Generated,compute,true,1,0,0,0,0,1,0,0,0
google_compute_region_disk_resource_policy_attachment,4.55,0.00,4.55,C,false,Generated,compute,false,2,0,0,1,0,1,1,1,0
google_compute_region_health_check,14.60,2.00,12.60,A,true,Generated,compute,false,8,0,0,2,8,0,16,2,0
google_compute_region_instance_group_manager,51.50,32.00,19.50,A,true,Handwritten,compute,false,4,4,6,2,37,8,28,7,10
google_compute_region_instance_template,57.70,14.00,43.70,A,true,Handwritten,compute,false,15,3,12,6,60,19,61,12,4
google_compute_region_network_endpoint,7.80,0.00,7.80,C,false,Generated,compute,false,3,0,0,2,0,1,3,1,0
google_compute_region_network_endpoint_group,7.55,2.00,5.55,A,true,Generated,compute,false,3,0,0,1,5,1,6,2,0
google_compute_region_network_firewall_policy,2.25,0.00,2.25,C,false,Generated,compute,false,0,0,0,1,0,0,1,0,0
google_compute_region_network_firewall_policy_association,4.65,0.00,4.65,C,false,Generated,compute,false,2,0,0,1,0,2,1,0,0
google_compute_region_network_firewall_policy_rule,10.70,0.00,10.70,A,true,Generated,compute,false,6,0,0,2,32,4,36,0,0
google_compute_region_network_firewall_policy_with_rules,96.25,94.00,2.25,A,true,Generated,compute,false,0,0,0,1,97,6,45,0,47
google_compute_region_per_instance_config,14.80,0.00,14.80,A,true,Generated,compute,false,10,0,0,2,15,1,25,1,0
google_compute_region_resize_request,218.55,214.00,4.55,A,true,Generated,compute,false,2,0,0,1,108,1,2,1,107
google_compute_region_security_policy,11.75,2.00,9.75,A,true,Generated,compute,false,2,0,5,1,89,6,88,3,0
google_compute_region_security_policy_rule,2.25,0.00,2.25,A,true,Generated,compute,false,0,0,0,1,53,0,54,0,0
google_compute_region_ssl_certificate,4.55,0.00,4.55,C,false,Generated,compute,false,2,0,0,1,0,1,1,1,0
google_compute_region_ssl_policy,8.60,2.00,6.60,B,true,Generated,compute,false,1,0,2,2,2,0,4,1,2
google_compute_region_target_http_proxy,4.55,0.00,4.55,C,false,Generated,compute,false,2,0,0,1,0,1,1,1,0
google_compute_region_target_https_proxy,7.55,0.00,7.55,C,true,Generated,compute,false,5,0,0,1,2,1,6,1,0
google_compute_region_target_tcp_proxy,4.55,0.00,4.55,C,false,Generated,compute,false,2,0,0,1,0,1,1,1,0
google_compute_region_url_map,71.05,12.00,59.05,A,true,Generated,compute,false,46,0,5,1,466,47,464,7,0
google_compute_reservation,11.45,8.00,3.45,A,true,Generated,compute,false,1,0,0,1,16,2,12,4,0
google_compute_resize_request,218.55,214.00,4.55,A,true,Generated,compute,false,2,0,0,1,108,1,2,1,107
google_compute_resource_policy,18.20,0.00,18.20,A,true,Generated,compute,false,9,0,3,2,34,14,33,1,0
google_compute_resource_policy_attachment,6.80,0.00,6.80,C,false,Generated,compute,false,2,0,0,2,0,1,2,1,0
google_compute_route,20.45,12.00,8.45,A,true,Generated,compute,false,5,0,1,1,10,1,10,0,6
google_compute_router,7.60,0.00,7.60,A,true,Generated,compute,false,3,0,0,2,9,0,13,1,0
google_compute_router_interface,7.50,0.00,7.50,C,false,Handwritten,compute,false,3,0,0,2,0,0,5,0,0
google_compute_router_nat,43.00,10.00,33.00,A,true,Generated,compute,false,6,0,21,2,26,9,39,7,0
google_compute_router_nat_address,9.10,0.00,9.10,B,true,Generated,compute,false,3,0,1,2,2,4,3,1,0
google_compute_router_peer,9.75,2.00,7.75,A,true,Handwritten,compute,false,5,0,0,1,7,1,8,4,0
google_compute_router_route_policy,4.55,0.00,4.55,A,true,Generated,compute,false,2,0,0,1,5,4,3,1,0
google_compute_security_policy,18.75,12.00,6.75,A,true,Handwritten,compute,false,0,0,0,3,100,19,78,4,2
google_compute_security_policy_rule,2.25,0.00,2.25,A,true,Generated,compute,false,0,0,0,1,52,3,50,0,0
google_compute_service_attachment,13.80,4.00,9.80,A,true,Generated,compute,false,4,0,1,2,7,2,9,1,2
google_compute_shared_vpc_host_project,0.00,0.00,0.00,D,false,Handwritten,compute,false,0,0,0,0,0,0,0,0,0
google_compute_shared_vpc_service_project,2.25,0.00,2.25,C,false,Handwritten,compute,false,0,0,0,1,0,0,1,0,0
google_compute_snapshot,14.80,8.00,6.80,B,true,Generated,compute,false,2,0,0,2,7,1,5,2,3
google_compute_snapshot_iam_binding,1.10,0.00,1.10,D,true,Generated,compute,true,0,0,1,0,2,2,1,0,0
google_compute_snapshot_iam_member,1.20,0.00,1.20,D,true,Generated,compute,true,1,0,0,0,1,1,1,0,0
google_compute_snapshot_iam_policy,1.20,0.00,1.20,D,false,Generated,compute,true,1,0,0,0,0,1,0,0,0
google_compute_snapshot_settings,2.25,0.00,2.25,C,true,Generated,compute,false,0,0,0,1,3,1,3,0,0
google_compute_ssl_certificate,3.45,0.00,3.45,C,false,Generated,compute,false,1,0,0,1,0,1,1,0,0
google_compute_ssl_policy,7.50,2.00,5.50,C,true,Generated,compute,false,0,0,2,2,2,0,4,0,2
google_compute_storage_pool,14.80,8.00,6.80,B,true,Generated,compute,false,2,0,0,2,5,1,3,1,4
google_compute_storage_pool_iam_binding,1.10,0.00,1.10,D,true,Generated,compute,true,0,0,1,0,2,2,1,0,0
google_compute_storage_pool_iam_member,1.20,0.00,1.20,D,true,Generated,compute,true,1,0,0,0,1,1,1,0,0
google_compute_storage_pool_iam_policy,1.20,0.00,1.20,D,false,Generated,compute,true,1,0,0,0,0,1,0,0,0
google_compute_subnetwork,18.30,2.00,16.30,A,true,Generated,compute,false,5,0,2,4,7,1,15,2,0
google_compute_subnetwork_iam_binding,1.10,0.00,1.10,D,true,Generated,compute,true,0,0,1,0,2,2,1,0,0
google_compute_subnetwork_iam_member,1.20,0.00,1.20,D,true,Generated,compute,true,1,0,0,0,1,1,1,0,0
google_compute_subnetwork_iam_policy,1.20,0.00,1.20,D,false,Generated,compute,true,1,0,0,0,0,1,0,0,0
google_compute_target_grpc_proxy,3.25,0.00,3.25,C,false,Generated,compute,false,1,0,0,1,0,0,2,0,0
google_compute_target_http_proxy,3.45,0.00,3.45,C,false,Generated,compute,false,1,0,0,1,0,1,1,0,0
google_compute_target_https_proxy,6.45,0.00,6.45,C,true,Generated,compute,false,4,0,0,1,2,1,6,0,0
google_compute_target_instance,4.55,0.00,4.55,C,false,Generated,compute,false,2,0,0,1,0,1,1,1,0
google_compute_target_pool,7.70,2.00,5.70,C,true,Handwritten,compute,false,0,0,1,2,2,0,3,2,0
google_compute_target_ssl_proxy,4.45,0.00,4.45,C,true,Generated,compute,false,2,0,0,1,1,1,3,0,0
google_compute_target_tcp_proxy,3.45,0.00,3.45,C,false,Generated,compute,false,1,0,0,1,0,1,1,0,0
google_compute_url_map,107.15,36.00,71.15,A,true,Generated,compute,false,58,0,5,1,523,48,521,18,0
google_compute_vpn_gateway,4.55,0.00,4.55,C,false,Generated,compute,false,2,0,0,1,0,1,1,1,0
google_compute_vpn_tunnel,42.00,8.00,34.00,A,true,Generated,compute,false,6,0,23,2,31,0,55,5,2
google_compute_wire_group,19.45,16.00,3.45,A,true,Generated,compute,false,1,0,0,1,16,1,9,0,8
google_contact_center_insights_analysis_rule,2.25,0.00,2.25,A,true,Generated,contactcenterinsights,false,0,0,0,1,16,0,17,0,0
google_contact_center_insights_view,2.25,0.00,2.25,C,false,Generated,contactcenterinsights,false,0,0,0,1,0,0,1,0,0
google_container_analysis_note,3.25,0.00,3.25,A,true,Generated,containeranalysis,false,0,0,1,1,5,3,4,0,0
google_container_analysis_note_iam_binding,1.10,0.00,1.10,D,true,Generated,containeranalysis,true,0,0,1,0,2,2,1,0,0
google_container_analysis_note_iam_member,1.20,0.00,1.20,D,true,Generated,containeranalysis,true,1,0,0,0,1,1,1,0,0
google_container_analysis_note_iam_policy,1.20,0.00,1.20,D,false,Generated,containeranalysis,true,1,0,0,0,0,1,0,0,0
google_container_analysis_occurrence,2.25,0.00,2.25,C,true,Generated,containeranalysis,false,0,0,0,1,3,3,1,0,0
google_container_attached_cluster,17.50,12.00,5.50,A,true,Generated,containerattached,false,1,0,0,2,25,2,20,3,3
google_container_cluster,443.40,324.00,119.40,A,true,Handwritten,container,false,62,27,2,10,340,58,188,187,8
google_container_node_pool,113.90,80.00,33.90,A,true,Handwritten,container,false,16,9,2,2,138,23,88,52,4
google_container_registry,3.25,0.00,3.25,C,false,Handwritten,containeranalysis,false,1,0,0,1,0,0,2,0,0
google_data_catalog_entry,17.00,16.00,1.00,A,true,Generated,datacatalog,false,1,0,0,0,11,2,2,0,8
google_data_catalog_entry_group,4.50,0.00,4.50,C,false,Generated,datacatalog,false,0,0,0,2,0,0,2,0,0
google_data_catalog_entry_group_iam_binding,1.10,0.00,1.10,D,true,Generated,datacatalog,true,0,0,1,0,2,2,1,0,0
google_data_catalog_entry_group_iam_member,1.20,0.00,1.20,D,true,Generated,datacatalog,true,1,0,0,0,1,1,1,0,0
google_data_catalog_entry_group_iam_policy,1.20,0.00,1.20,D,false,Generated,datacatalog,true,1,0,0,0,0,1,0,0,0
google_data_catalog_policy_tag,2.00,2.00,0.00,D,false,Generated,datacatalog,false,0,0,0,0,1,0,0,0,1
google_data_catalog_policy_tag_iam_binding,1.10,0.00,1.10,D,true,Generated,datacatalog,true,0,0,1,0,2,2,1,0,0
google_data_catalog_policy_tag_iam_member,1.20,0.00,1.20,D,true,Generated,datacatalog,true,1,0,0,0,1,1,1,0,0
google_data_catalog_policy_tag_iam_policy,1.20,0.00,1.20,D,false,Generated,datacatalog,true,1,0,0,0,0,1,0,0,0
google_data_catalog_tag,0.00,0.00,0.00,D,true,Generated,datacatalog,false,0,0,0,0,1,1,0,0,0
google_data_catalog_tag_template,4.50,0.00,4.50,A,true,Generated,datacatalog,false,0,0,0,2,10,7,5,0,0
google_data_catalog_tag_template_iam_binding,1.10,0.00,1.10,D,true,Generated,datacatalog,true,0,0,1,0,2,2,1,0,0
google_data_catalog_tag_template_iam_member,1.20,0.00,1.20,D,true,Generated,datacatalog,true,1,0,0,0,1,1,1,0,0
google_data_catalog_tag_template_iam_policy,1.20,0.00,1.20,D,false,Generated,datacatalog,true,1,0,0,0,0,1,0,0,0
google_data_catalog_taxonomy,2.25,0.00,2.25,C,true,Generated,datacatalog,false,0,0,0,1,1,0,2,0,0
google_data_catalog_taxonomy_iam_binding,1.10,0.00,1.10,D,true,Generated,datacatalog,true,0,0,1,0,2,2,1,0,0
google_data_catalog_taxonomy_iam_member,1.20,0.00,1.20,D,true,Generated,datacatalog,true,1,0,0,0,1,1,1,0,0
google_data_catalog_taxonomy_iam_policy,1.20,0.00,1.20,D,false,Generated,datacatalog,true,1,0,0,0,0,1,0,0,0
google_data_fusion_instance,13.85,6.00,7.85,A,true,Generated,datafusion,false,1,0,0,3,11,0,11,2,2
google_data_fusion_instance_iam_binding,1.10,0.00,1.10,D,true,Generated,datafusion,true,0,0,1,0,2,2,1,0,0
google_data_fusion_instance_iam_member,1.20,0.00,1.20,D,true,Generated,datafusion,true,1,0,0,0,1,1,1,0,0
google_data_fusion_instance_iam_policy,1.20,0.00,1.20,D,false,Generated,datafusion,true,1,0,0,0,0,1,0,0,0
google_data_loss_prevention_deidentify_template,0.00,0.00,0.00,A,true,Generated,datalossprevention,false,0,0,0,0,1345,207,1138,0,0
google_data_loss_prevention_discovery_config,2.00,2.00,0.00,A,true,Generated,datalossprevention,false,0,0,0,0,330,9,320,0,1
google_data_loss_prevention_inspect_template,0.00,0.00,0.00,A,true,Generated,datalossprevention,false,0,0,0,0,181,54,127,0,0
google_data_loss_prevention_job_trigger,0.00,0.00,0.00,A,true,Generated,datalossprevention,false,0,0,0,0,371,57,314,0,0
google_data_loss_prevention_stored_info_type,2.25,0.00,2.25,A,true,Generated,datalossprevention,false,0,0,0,1,24,11,14,0,0
google_data_pipeline_pipeline,2.25,0.00,2.25,A,true,Generated,datapipeline,false,0,0,0,1,61,3,59,0,0
google_database_migration_service_connection_profile,14.50,10.00,4.50,A,true,Generated,databasemigrationservice,false,0,0,0,2,61,7,51,0,5
google_database_migration_service_migration_job,14.50,10.00,4.50,A,true,Generated,databasemigrationservice,false,0,0,0,2,13,0,10,0,5
google_database_migration_service_private_connection,10.50,6.00,4.50,B,true,Generated,databasemigrationservice,false,0,0,0,2,7,1,5,0,3
google_dataflow_flex_template_job,12.70,6.00,6.70,B,true,Handwritten,dataflow,false,2,0,0,2,4,0,3,3,2
google_dataflow_job,13.70,6.00,7.70,B,true,Handwritten,dataflow,false,3,0,0,2,3,1,4,1,2
google_dataform_repository,8.50,4.00,4.50,A,true,Generated,dataform,false,0,0,0,2,7,0,7,0,2
google_dataform_repository_iam_binding,1.10,0.00,1.10,D,true,Generated,dataform,true,0,0,1,0,2,2,1,0,0
google_dataform_repository_iam_member,1.20,0.00,1.20,D,true,Generated,dataform,true,1,0,0,0,1,1,1,0,0
google_dataform_repository_iam_policy,1.20,0.00,1.20,D,false,Generated,dataform,true,1,0,0,0,0,1,0,0,0
google_dataform_repository_release_config,8.25,6.00,2.25,C,true,Generated,dataform,false,0,0,0,1,6,0,4,0,3
google_dataform_repository_workflow_config,8.25,6.00,2.25,A,true,Generated,dataform,false,0,0,0,1,8,0,6,0,3
google_dataplex_aspect_type,10.50,4.00,6.50,B,true,Generated,dataplex,false,1,1,0,2,3,0,5,0,2
google_dataplex_aspect_type_iam_binding,1.10,0.00,1.10,D,true,Generated,dataplex,true,0,0,1,0,2,2,1,0,0
google_dataplex_aspect_type_iam_member,1.20,0.00,1.20,D,true,Generated,dataplex,true,1,0,0,0,1,1,1,0,0
google_dataplex_aspect_type_iam_policy,1.20,0.00,1.20,D,false,Generated,dataplex,true,1,0,0,0,0,1,0,0,0
google_dataplex_asset_iam_binding,1.10,0.00,1.10,D,true,Generated,dataplex,true,0,0,1,0,2,2,1,0,0
google_dataplex_asset_iam_member,1.20,0.00,1.20,D,true,Generated,dataplex,true,1,0,0,0,1,1,1,0,0
google_dataplex_asset_iam_policy,1.20,0.00,1.20,D,false,Generated,dataplex,true,1,0,0,0,0,1,0,0,0
google_dataplex_datascan,10.50,6.00,4.50,A,true,Generated,dataplex,false,0,0,0,2,110,12,97,0,3
google_dataplex_datascan_iam_binding,1.10,0.00,1.10,D,true,Generated,dataplex,true,0,0,1,0,2,2,1,0,0
google_dataplex_datascan_iam_member,1.20,0.00,1.20,D,true,Generated,dataplex,true,1,0,0,0,1,1,1,0,0
google_dataplex_datascan_iam_policy,1.20,0.00,1.20,D,false,Generated,dataplex,true,1,0,0,0,0,1,0,0,0
google_dataplex_entry,7.85,2.00,5.85,A,true,Generated,dataplex,false,3,0,0,1,8,5,6,1,0
google_dataplex_entry_group,8.50,4.00,4.50,B,true,Generated,dataplex,false,0,0,0,2,3,0,3,0,2
google_dataplex_entry_group_iam_binding,1.10,0.00,1.10,D,true,Generated,dataplex,true,0,0,1,0,2,2,1,0,0
google_dataplex_entry_group_iam_member,1.20,0.00,1.20,D,true,Generated,dataplex,true,1,0,0,0,1,1,1,0,0
google_dataplex_entry_group_iam_policy,1.20,0.00,1.20,D,false,Generated,dataplex,true,1,0,0,0,0,1,0,0,0
google_dataplex_entry_link,2.25,0.00,2.25,C,true,Generated,dataplex,false,0,0,0,1,1,1,1,0,0
google_dataplex_entry_type,8.50,4.00,4.50,B,true,Generated,dataplex,false,0,0,0,2,5,0,5,0,2
google_dataplex_entry_type_iam_binding,1.10,0.00,1.10,D,true,Generated,dataplex,true,0,0,1,0,2,2,1,0,0
google_dataplex_entry_type_iam_member,1.20,0.00,1.20,D,true,Generated,dataplex,true,1,0,0,0,1,1,1,0,0
google_dataplex_entry_type_iam_policy,1.20,0.00,1.20,D,false,Generated,dataplex,true,1,0,0,0,0,1,0,0,0
google_dataplex_glossary,8.50,4.00,4.50,B,true,Generated,dataplex,false,0,0,0,2,3,0,3,0,2
google_dataplex_glossary_category,8.50,4.00,4.50,B,true,Generated,dataplex,false,0,0,0,2,3,0,3,0,2
google_dataplex_glossary_iam_binding,1.10,0.00,1.10,D,true,Generated,dataplex,true,0,0,1,0,2,2,1,0,0
google_dataplex_glossary_iam_member,1.20,0.00,1.20,D,true,Generated,dataplex,true,1,0,0,0,1,1,1,0,0
google_dataplex_glossary_iam_policy,1.20,0.00,1.20,D,false,Generated,dataplex,true,1,0,0,0,0,1,0,0,0
google_dataplex_glossary_term,8.50,4.00,4.50,B,true,Generated,dataplex,false,0,0,0,2,3,0,3,0,2
google_dataplex_lake_iam_binding,1.10,0.00,1.10,D,true,Generated,dataplex,true,0,0,1,0,2,2,1,0,0
google_dataplex_lake_iam_member,1.20,0.00,1.20,D,true,Generated,dataplex,true,1,0,0,0,1,1,1,0,0
google_dataplex_lake_iam_policy,1.20,0.00,1.20,D,false,Generated,dataplex,true,1,0,0,0,0,1,0,0,0
google_dataplex_task,14.50,10.00,4.50,A,true,Generated,dataplex,false,0,0,0,2,74,2,69,0,5
google_dataplex_task_iam_binding,1.10,0.00,1.10,D,true,Generated,dataplex,true,0,0,1,0,2,2,1,0,0
google_dataplex_task_iam_member,1.20,0.00,1.20,D,true,Generated,dataplex,true,1,0,0,0,1,1,1,0,0
google_dataplex_task_iam_policy,1.20,0.00,1.20,D,false,Generated,dataplex,true,1,0,0,0,0,1,0,0,0
google_dataplex_zone_iam_binding,1.10,0.00,1.10,D,true,Generated,dataplex,true,0,0,1,0,2,2,1,0,0
google_dataplex_zone_iam_member,1.20,0.00,1.20,D,true,Generated,dataplex,true,1,0,0,0,1,1,1,0,0
google_dataplex_zone_iam_policy,1.20,0.00,1.20,D,false,Generated,dataplex,true,1,0,0,0,0,1,0,0,0
google_dataproc_autoscaling_policy,2.25,0.00,2.25,A,true,Generated,dataproc,false,0,0,0,1,5,2,4,0,0
google_dataproc_autoscaling_policy_iam_binding,1.10,0.00,1.10,D,true,Generated,dataproc,true,0,0,1,0,2,2,1,0,0
google_dataproc_autoscaling_policy_iam_member,1.20,0.00,1.20,D,true,Generated,dataproc,true,1,0,0,0,1,1,1,0,0
google_dataproc_autoscaling_policy_iam_policy,1.20,0.00,1.20,D,false,Generated,dataproc,true,1,0,0,0,0,1,0,0,0
google_dataproc_batch,34.70,28.00,6.70,A,true,Generated,dataproc,false,2,0,0,2,67,0,55,4,12
google_dataproc_cluster,287.50,252.00,35.50,A,true,Handwritten,dataproc,false,25,0,3,2,222,42,71,109,30
google_dataproc_cluster_iam_binding,1.10,0.00,1.10,D,true,HandwrittenIAM,dataproc,true,0,0,1,0,2,2,1,0,0
google_dataproc_cluster_iam_member,1.20,0.00,1.20,D,true,HandwrittenIAM,dataproc,true,1,0,0,0,1,1,1,0,0
google_dataproc_cluster_iam_policy,1.20,0.00,1.20,D,false,HandwrittenIAM,dataproc,true,1,0,0,0,0,1,0,0,0
google_dataproc_gdc_application_environment,12.75,6.00,6.75,A,true,Generated,dataprocgdc,false,0,0,0,3,8,0,8,0,3
google_dataproc_gdc_service_instance,8.50,4.00,4.50,B,true,Generated,dataprocgdc,false,0,0,0,2,5,0,5,0,2
google_dataproc_gdc_spark_application,12.75,6.00,6.75,A,true,Generated,dataprocgdc,false,0,0,0,3,44,3,41,0,3
google_dataproc_job,36.50,32.00,4.50,A,true,Handwritten,dataproc,false,0,0,0,2,106,19,73,13,3
google_dataproc_job_iam_binding,1.10,0.00,1.10,D,true,HandwrittenIAM,dataproc,true,0,0,1,0,2,2,1,0,0
google_dataproc_job_iam_member,1.20,0.00,1.20,D,true,HandwrittenIAM,dataproc,true,1,0,0,0,1,1,1,0,0
google_dataproc_job_iam_policy,1.20,0.00,1.20,D,false,HandwrittenIAM,dataproc,true,1,0,0,0,0,1,0,0,0
google_dataproc_metastore_database_iam_binding,1.10,0.00,1.10,D,true,Generated,dataprocmetastore,true,0,0,1,0,2,2,1,0,0
google_dataproc_metastore_database_iam_member,1.20,0.00,1.20,D,true,Generated,dataprocmetastore,true,1,0,0,0,1,1,1,0,0
google_dataproc_metastore_database_iam_policy,1.20,0.00,1.20,D,false,Generated,dataprocmetastore,true,1,0,0,0,0,1,0,0,0
google_dataproc_metastore_federation,8.50,4.00,4.50,B,true,Generated,dataprocmetastore,false,0,0,0,2,5,1,4,0,2
google_dataproc_metastore_federation_iam_binding,1.10,0.00,1.10,D,true,Generated,dataprocmetastore,true,0,0,1,0,2,2,1,0,0
google_dataproc_metastore_federation_iam_member,1.20,0.00,1.20,D,true,Generated,dataprocmetastore,true,1,0,0,0,1,1,1,0,0
google_dataproc_metastore_federation_iam_policy,1.20,0.00,1.20,D,false,Generated,dataprocmetastore,true,1,0,0,0,0,1,0,0,0
google_dataproc_metastore_service,22.70,16.00,6.70,A,true,Generated,dataprocmetastore,false,2,0,0,2,33,7,20,8,2
google_dataproc_metastore_service_iam_binding,1.10,0.00,1.10,D,true,Generated,dataprocmetastore,true,0,0,1,0,2,2,1,0,0
google_dataproc_metastore_service_iam_member,1.20,0.00,1.20,D,true,Generated,dataprocmetastore,true,1,0,0,0,1,1,1,0,0
google_dataproc_metastore_service_iam_policy,1.20,0.00,1.20,D,false,Generated,dataprocmetastore,true,1,0,0,0,0,1,0,0,0
google_dataproc_metastore_table_iam_binding,1.10,0.00,1.10,D,true,Generated,dataprocmetastore,true,0,0,1,0,2,2,1,0,0
google_dataproc_metastore_table_iam_member,1.20,0.00,1.20,D,true,Generated,dataprocmetastore,true,1,0,0,0,1,1,1,0,0
google_dataproc_metastore_table_iam_policy,1.20,0.00,1.20,D,false,Generated,dataprocmetastore,true,1,0,0,0,0,1,0,0,0
google_dataproc_session_template,17.50,12.00,5.50,A,true,Generated,dataproc,false,1,0,0,2,24,0,21,2,4
google_datastream_connection_profile,9.50,4.00,5.50,A,true,Generated,datastream,false,1,0,0,2,29,2,28,0,2
google_datastream_private_connection,10.50,6.00,4.50,A,true,Generated,datastream,false,0,0,0,2,8,0,7,0,3
google_datastream_stream,20.35,4.00,16.35,A,true,Generated,datastream,false,8,0,0,3,349,72,286,0,2
google_deployment_manager_deployment,4.50,0.00,4.50,A,true,Generated,deploymentmanager,false,0,0,0,2,6,3,5,0,0
google_developer_connect_account_connector,12.75,6.00,6.75,A,true,Generated,developerconnect,false,0,0,0,3,8,2,6,0,3
google_developer_connect_connection,18.75,12.00,6.75,A,true,Generated,developerconnect,false,0,0,0,3,37,16,18,2,4
google_developer_connect_git_repository_link,12.75,6.00,6.75,B,true,Generated,developerconnect,false,0,0,0,3,5,0,5,0,3
google_developer_connect_insights_config,20.75,14.00,6.75,A,true,Generated,developerconnect,false,0,0,0,3,18,0,14,0,7
google_dialogflow_agent,2.25,0.00,2.25,C,true,Generated,dialogflow,false,0,0,0,1,1,0,2,0,0
google_dialogflow_conversation_profile,2.25,0.00,2.25,A,true,Generated,dialogflow,false,0,0,0,1,151,12,140,0,0
google_dialogflow_cx_agent,10.25,4.00,6.25,A,true,Generated,dialogflowcx,false,4,0,0,1,25,0,28,2,0
google_dialogflow_cx_entity_type,0.00,0.00,0.00,D,true,Generated,dialogflowcx,false,0,0,0,0,4,1,3,0,0
google_dialogflow_cx_environment,2.25,0.00,2.25,C,true,Generated,dialogflowcx,false,0,0,0,1,1,1,1,0,0
google_dialogflow_cx_flow,84.00,18.00,66.00,A,true,Generated,dialogflowcx,false,66,0,0,0,176,0,233,1,8
google_dialogflow_cx_generative_settings,0.00,0.00,0.00,A,true,Generated,dialogflowcx,false,0,0,0,0,8,0,8,0,0
google_dialogflow_cx_generator,0.00,0.00,0.00,D,true,Generated,dialogflowcx,false,0,0,0,0,4,1,3,0,0
google_dialogflow_cx_intent,6.25,4.00,2.25,A,true,Generated,dialogflowcx,false,0,0,0,1,7,2,4,0,2
google_dialogflow_cx_page,171.00,16.00,155.00,A,true,Generated,dialogflowcx,false,155,0,0,0,347,0,494,0,8
google_dialogflow_cx_playbook,7.00,4.00,3.00,A,true,Generated,dialogflowcx,false,3,0,0,0,7,0,8,0,2
google_dialogflow_cx_security_settings,2.25,0.00,2.25,C,true,Generated,dialogflowcx,false,0,0,0,1,3,0,4,0,0
google_dialogflow_cx_test_case,21.00,2.00,19.00,A,true,Generated,dialogflowcx,false,19,0,0,0,90,0,108,0,1
google_dialogflow_cx_tool,4.00,0.00,4.00,A,true,Generated,dialogflowcx,false,4,0,0,0,32,7,29,0,0
google_dialogflow_cx_version,4.25,2.00,2.25,C,false,Generated,dialogflowcx,false,0,0,0,1,1,0,1,0,1
google_dialogflow_cx_webhook,0.00,0.00,0.00,A,true,Generated,dialogflowcx,false,0,0,0,0,36,0,36,0,0
google_dialogflow_encryption_spec,2.25,0.00,2.25,C,true,Generated,dialogflow,false,0,0,0,1,1,1,1,0,0
google_dialogflow_entity_type,2.25,0.00,2.25,C,true,Generated,dialogflow,false,0,0,0,1,3,2,2,0,0
google_dialogflow_fulfillment,2.25,0.00,2.25,C,true,Generated,dialogflow,false,0,0,0,1,4,0,5,0,0
google_dialogflow_intent,4.25,2.00,2.25,C,true,Generated,dialogflow,false,0,0,0,1,4,0,4,0,1
google_discovery_engine_acl_config,2.25,0.00,2.25,C,true,Generated,discoveryengine,false,0,0,0,1,3,0,4,0,0
google_discovery_engine_assistant,2.25,0.00,2.25,A,true,Generated,discoveryengine,false,0,0,0,1,8,0,9,0,0
google_discovery_engine_chat_engine,4.25,2.00,2.25,A,true,Generated,discoveryengine,false,0,0,0,1,6,2,4,0,1
google_discovery_engine_cmek_config,2.25,0.00,2.25,C,true,Generated,discoveryengine,false,0,0,0,1,1,0,2,0,0
google_discovery_engine_control,2.25,0.00,2.25,A,true,Generated,discoveryengine,false,0,0,0,1,20,2,19,0,0
google_discovery_engine_data_connector,14.25,6.00,8.25,A,true,Generated,discoveryengine,false,6,0,0,1,8,0,12,0,3
google_discovery_engine_data_store,2.25,0.00,2.25,A,true,Generated,discoveryengine,false,0,0,0,1,62,0,63,0,0
google_discovery_engine_license_config,2.25,0.00,2.25,C,true,Generated,discoveryengine,false,0,0,0,1,2,1,2,0,0
google_discovery_engine_recommendation_engine,2.25,0.00,2.25,A,true,Generated,discoveryengine,false,0,0,0,1,13,1,13,0,0
google_discovery_engine_schema,3.25,0.00,3.25,C,false,Generated,discoveryengine,false,1,0,0,1,0,0,2,0,0
google_discovery_engine_search_engine,2.25,0.00,2.25,A,true,Generated,discoveryengine,false,0,0,0,1,6,2,5,0,0
google_discovery_engine_sitemap,2.25,0.00,2.25,C,false,Generated,discoveryengine,false,0,0,0,1,0,0,1,0,0
google_discovery_engine_target_site,6.25,4.00,2.25,C,true,Generated,discoveryengine,false,0,0,0,1,4,0,3,0,2
google_dns_managed_zone,30.90,14.00,16.90,A,true,Generated,dns,false,7,0,4,2,22,14,14,4,3
google_dns_managed_zone_iam_binding,1.10,0.00,1.10,D,true,Generated,dns,true,0,0,1,0,2,2,1,0,0
google_dns_managed_zone_iam_member,1.20,0.00,1.20,D,true,Generated,dns,true,1,0,0,0,1,1,1,0,0
google_dns_managed_zone_iam_policy,1.20,0.00,1.20,D,false,Generated,dns,true,1,0,0,0,0,1,0,0,0
google_dns_policy,9.85,2.00,7.85,A,true,Generated,dns,false,2,0,3,1,7,8,4,1,0
google_dns_record_set,50.65,0.00,50.65,A,true,Handwritten,dns,false,44,0,0,1,68,28,85,0,0
google_dns_response_policy,4.65,0.00,4.65,C,true,Generated,dns,false,2,0,0,1,2,2,3,0,0
google_dns_response_policy_rule,3.45,0.00,3.45,A,true,Generated,dns,false,1,0,0,1,6,3,5,0,0
google_document_ai_processor,2.25,0.00,2.25,C,false,Generated,documentai,false,0,0,0,1,0,0,1,0,0
google_document_ai_processor_default_version,1.20,0.00,1.20,D,false,Generated,documentai,false,1,0,0,0,0,1,0,0,0
google_document_ai_warehouse_document_schema,0.00,0.00,0.00,A,true,Generated,documentaiwarehouse,false,0,0,0,0,62,12,50,0,0
google_document_ai_warehouse_location,0.00,0.00,0.00,D,false,Generated,documentaiwarehouse,false,0,0,0,0,0,0,0,0,0
google_edgecontainer_cluster,48.50,44.00,4.50,A,true,Generated,edgecontainer,false,0,0,0,2,44,14,10,17,5
google_edgecontainer_node_pool,14.50,10.00,4.50,A,true,Generated,edgecontainer,false,0,0,0,2,7,0,4,3,2
google_edgecontainer_vpn_connection,18.50,14.00,4.50,A,true,Generated,edgecontainer,false,0,0,0,2,9,0,4,0,7
google_edgenetwork_interconnect_attachment,9.70,4.00,5.70,B,true,Generated,edgenetwork,false,1,0,0,2,3,1,3,0,2
google_edgenetwork_network,8.50,4.00,4.50,B,true,Generated,edgenetwork,false,0,0,0,2,3,0,3,0,2
google_edgenetwork_subnet,9.70,4.00,5.70,B,true,Generated,edgenetwork,false,1,0,0,2,5,1,5,0,2
google_endpoints_service,10.25,8.00,2.25,B,false,Handwritten,servicemanagement,false,0,0,0,1,4,0,1,0,4
google_endpoints_service_consumers_iam_binding,1.10,0.00,1.10,D,true,Generated,servicemanagement,true,0,0,1,0,2,2,1,0,0
google_endpoints_service_consumers_iam_member,1.20,0.00,1.20,D,true,Generated,servicemanagement,true,1,0,0,0,1,1,1,0,0
google_endpoints_service_consumers_iam_policy,1.20,0.00,1.20,D,false,Generated,servicemanagement,true,1,0,0,0,0,1,0,0,0
google_endpoints_service_iam_binding,1.10,0.00,1.10,D,true,Generated,servicemanagement,true,0,0,1,0,2,2,1,0,0
google_endpoints_service_iam_member,1.20,0.00,1.20,D,true,Generated,servicemanagement,true,1,0,0,0,1,1,1,0,0
google_endpoints_service_iam_policy,1.20,0.00,1.20,D,false,Generated,servicemanagement,true,1,0,0,0,0,1,0,0,0
google_essential_contacts_contact,0.00,0.00,0.00,D,true,Generated,essentialcontacts,false,0,0,0,0,1,1,0,0,0
google_eventarc_channel,10.70,4.00,6.70,B,true,Generated,eventarc,false,2,0,0,2,3,1,4,0,2
google_eventarc_enrollment,12.75,6.00,6.75,B,true,Generated,eventarc,false,0,0,0,3,5,0,5,0,3
google_eventarc_google_api_source,14.75,8.00,6.75,B,true,Generated,eventarc,false,0,0,0,3,6,0,5,1,3
google_eventarc_google_channel_config,4.45,0.00,4.45,C,false,Generated,eventarc,false,2,0,0,1,0,1,2,0,0
google_eventarc_message_bus,15.75,8.00,7.75,B,true,Generated,eventarc,false,1,0,0,3,6,0,6,1,3
google_eventarc_pipeline,16.75,10.00,6.75,A,true,Generated,eventarc,false,0,0,0,3,41,1,38,2,3
google_eventarc_trigger,31.50,8.00,23.50,A,true,Generated,eventarc,false,17,0,0,2,17,12,20,1,3
google_filestore_backup,8.50,4.00,4.50,B,true,Generated,filestore,false,0,0,0,2,4,0,4,0,2
google_filestore_instance,22.90,16.00,6.90,A,true,Generated,filestore,false,2,0,0,2,37,9,24,0,8
google_filestore_snapshot,8.50,4.00,4.50,B,true,Generated,filestore,false,0,0,0,2,3,0,3,0,2
google_firebase_android_app,2.25,0.00,2.25,C,true,Generated,firebase,false,0,0,0,1,2,0,3,0,0
google_firebase_app_check_app_attest_config,2.25,0.00,2.25,C,false,Generated,firebaseappcheck,false,0,0,0,1,0,0,1,0,0
google_firebase_app_check_debug_token,2.25,0.00,2.25,C,false,Generated,firebaseappcheck,false,0,0,0,1,0,0,1,0,0
google_firebase_app_check_device_check_config,2.25,0.00,2.25,C,false,Generated,firebaseappcheck,false,0,0,0,1,0,0,1,0,0
google_firebase_app_check_play_integrity_config,2.25,0.00,2.25,C,false,Generated,firebaseappcheck,false,0,0,0,1,0,0,1,0,0
google_firebase_app_check_recaptcha_enterprise_config,2.25,0.00,2.25,C,false,Generated,firebaseappcheck,false,0,0,0,1,0,0,1,0,0
google_firebase_app_check_recaptcha_v3_config,2.25,0.00,2.25,C,false,Generated,firebaseappcheck,false,0,0,0,1,0,0,1,0,0
google_firebase_app_check_service_config,2.25,0.00,2.25,C,false,Generated,firebaseappcheck,false,0,0,0,1,0,0,1,0,0
google_firebase_app_hosting_backend,18.75,12.00,6.75,A,true,Generated,firebaseapphosting,false,0,0,0,3,9,0,6,0,6
google_firebase_app_hosting_build,25.95,18.00,7.95,A,true,Generated,firebaseapphosting,false,1,0,0,3,16,2,9,0,9
google_firebase_app_hosting_default_domain,2.25,0.00,2.25,C,false,Generated,firebaseapphosting,false,0,0,0,1,0,0,1,0,0
google_firebase_app_hosting_domain,76.25,74.00,2.25,A,true,Generated,firebaseapphosting,false,0,0,0,1,40,0,4,0,37
google_firebase_app_hosting_traffic,8.25,6.00,2.25,C,true,Generated,firebaseapphosting,false,0,0,0,1,7,2,3,0,3
google_firebase_apple_app,2.25,0.00,2.25,C,false,Generated,firebase,false,0,0,0,1,0,0,1,0,0
google_firebase_data_connect_service,12.75,6.00,6.75,B,true,Generated,firebasedataconnect,false,0,0,0,3,5,0,5,0,3
google_firebase_database_instance,2.25,0.00,2.25,C,false,Generated,firebasedatabase,false,0,0,0,1,0,0,1,0,0
google_firebase_extensions_instance,10.25,8.00,2.25,A,true,Generated,firebaseextensions,false,0,0,0,1,15,3,9,2,2
google_firebase_hosting_channel,6.25,4.00,2.25,C,true,Generated,firebasehosting,false,0,0,0,1,3,0,2,0,2
google_firebase_hosting_custom_domain,10.25,6.00,4.25,A,true,Generated,firebasehosting,false,2,0,0,1,39,0,39,0,3
google_firebase_hosting_release,1.00,0.00,1.00,D,false,Generated,firebasehosting,false,1,0,0,0,0,0,1,0,0
google_firebase_hosting_site,2.25,0.00,2.25,C,false,Generated,firebasehosting,false,0,0,0,1,0,0,1,0,0
google_firebase_hosting_version,0.00,0.00,0.00,A,true,Generated,firebasehosting,false,0,0,0,0,13,3,10,0,0
google_firebase_project,2.25,0.00,2.25,C,false,Generated,firebase,false,0,0,0,1,0,0,1,0,0
google_firebase_storage_bucket,2.25,0.00,2.25,C,false,Generated,firebasestorage,false,0,0,0,1,0,0,1,0,0
google_firebase_web_app,4.25,2.00,2.25,C,false,Generated,firebase,false,0,0,0,1,1,0,1,0,1
google_firestore_backup_schedule,2.25,0.00,2.25,C,true,Generated,firestore,false,0,0,0,1,2,0,3,0,0
google_firestore_database,6.25,4.00,2.25,C,true,Generated,firestore,false,0,0,0,1,4,0,3,0,2
google_firestore_document,3.45,0.00,3.45,C,false,Generated,firestore,false,1,0,0,1,0,1,1,0,0
google_firestore_field,2.25,0.00,2.25,C,true,Generated,firestore,false,0,0,0,1,4,0,5,0,0
google_firestore_index,3.45,0.00,3.45,A,true,Generated,firestore,false,1,0,0,1,6,2,6,0,0
google_firestore_user_creds,4.25,2.00,2.25,C,false,Generated,firestore,false,0,0,0,1,1,0,1,0,1
google_folder,2.00,2.00,0.00,D,true,Handwritten,resourcemanager,false,0,0,0,0,2,0,1,0,1
google_folder_access_approval_settings,4.30,2.00,2.30,C,true,Generated,accessapproval,false,0,0,2,0,2,2,0,2,0
google_folder_iam_audit_config,0.00,0.00,0.00,D,true,HandwrittenIAM,resourcemanager,true,0,0,0,0,3,1,2,0,0
google_folder_iam_binding,1.10,0.00,1.10,D,true,HandwrittenIAM,resourcemanager,true,0,0,1,0,2,2,1,0,0
google_folder_iam_member,1.20,0.00,1.20,D,true,HandwrittenIAM,resourcemanager,true,1,0,0,0,1,1,1,0,0
google_folder_iam_policy,1.20,0.00,1.20,D,false,HandwrittenIAM,resourcemanager,true,1,0,0,0,0,1,0,0,0
google_folder_organization_policy,7.20,0.00,7.20,A,true,Handwritten,resourcemanager,false,1,0,6,0,13,1,19,0,0
google_folder_service_identity,2.25,0.00,2.25,C,false,Handwritten,resourcemanager,false,0,0,0,1,0,0,1,0,0
google_gemini_code_repository_index,8.50,4.00,4.50,B,true,Generated,gemini,false,0,0,0,2,3,0,3,0,2
google_gemini_code_tools_setting,8.50,4.00,4.50,B,true,Generated,gemini,false,0,0,0,2,6,1,5,0,2
google_gemini_code_tools_setting_binding,8.50,4.00,4.50,B,true,Generated,gemini,false,0,0,0,2,3,0,3,0,2
google_gemini_data_sharing_with_google_setting,8.50,4.00,4.50,B,true,Generated,gemini,false,0,0,0,2,3,0,3,0,2
google_gemini_data_sharing_with_google_setting_binding,8.50,4.00,4.50,B,true,Generated,gemini,false,0,0,0,2,3,0,3,0,2
google_gemini_gemini_gcp_enablement_setting,8.50,4.00,4.50,B,true,Generated,gemini,false,0,0,0,2,3,0,3,0,2
google_gemini_gemini_gcp_enablement_setting_binding,8.50,4.00,4.50,B,true,Generated,gemini,false,0,0,0,2,3,0,3,0,2
google_gemini_logging_setting,8.50,4.00,4.50,B,true,Generated,gemini,false,0,0,0,2,3,0,3,0,2
google_gemini_logging_setting_binding,8.50,4.00,4.50,B,true,Generated,gemini,false,0,0,0,2,3,0,3,0,2
google_gemini_release_channel_setting,8.50,4.00,4.50,B,true,Generated,gemini,false,0,0,0,2,3,0,3,0,2
google_gemini_release_channel_setting_binding,8.50,4.00,4.50,B,true,Generated,gemini,false,0,0,0,2,3,0,3,0,2
google_gemini_repository_group,8.50,4.00,4.50,B,true,Generated,gemini,false,0,0,0,2,4,1,3,0,2
google_gemini_repository_group_iam_binding,1.10,0.00,1.10,D,true,Generated,gemini,true,0,0,1,0,2,2,1,0,0
google_gemini_repository_group_iam_member,1.20,0.00,1.20,D,true,Generated,gemini,true,1,0,0,0,1,1,1,0,0
google_gemini_repository_group_iam_policy,1.20,0.00,1.20,D,false,Generated,gemini,true,1,0,0,0,0,1,0,0,0
google_gke_backup_backup_channel,8.50,4.00,4.50,B,true,Generated,gkebackup,false,0,0,0,2,3,0,3,0,2
google_gke_backup_backup_plan,8.50,4.00,4.50,A,true,Generated,gkebackup,false,0,0,0,2,45,13,32,0,2
google_gke_backup_backup_plan_iam_binding,1.10,0.00,1.10,D,true,Generated,gkebackup,true,0,0,1,0,2,2,1,0,0
google_gke_backup_backup_plan_iam_member,1.20,0.00,1.20,D,true,Generated,gkebackup,true,1,0,0,0,1,1,1,0,0
google_gke_backup_backup_plan_iam_policy,1.20,0.00,1.20,D,false,Generated,gkebackup,true,1,0,0,0,0,1,0,0,0
google_gke_backup_restore_channel,8.50,4.00,4.50,B,true,Generated,gkebackup,false,0,0,0,2,3,0,3,0,2
google_gke_backup_restore_plan,8.50,4.00,4.50,A,true,Generated,gkebackup,false,0,0,0,2,58,24,34,0,2
google_gke_backup_restore_plan_iam_binding,1.10,0.00,1.10,D,true,Generated,gkebackup,true,0,0,1,0,2,2,1,0,0
google_gke_backup_restore_plan_iam_member,1.20,0.00,1.20,D,true,Generated,gkebackup,true,1,0,0,0,1,1,1,0,0
google_gke_backup_restore_plan_iam_policy,1.20,0.00,1.20,D,false,Generated,gkebackup,true,1,0,0,0,0,1,0,0,0
google_gke_hub_feature,59.50,54.00,5.50,A,true,Generated,gkehub2,false,1,0,0,2,127,14,89,21,6
google_gke_hub_feature_iam_binding,1.10,0.00,1.10,D,true,Generated,gkehub2,true,0,0,1,0,2,2,1,0,0
google_gke_hub_feature_iam_member,1.20,0.00,1.20,D,true,Generated,gkehub2,true,1,0,0,0,1,1,1,0,0
google_gke_hub_feature_iam_policy,1.20,0.00,1.20,D,false,Generated,gkehub2,true,1,0,0,0,0,1,0,0,0
google_gke_hub_fleet,4.25,2.00,2.25,A,true,Generated,gkehub2,false,0,0,0,1,9,0,9,0,1
google_gke_hub_membership,12.10,4.00,8.10,A,true,Generated,gkehub,false,3,0,0,2,7,3,7,0,2
google_gke_hub_membership_binding,11.70,6.00,5.70,B,true,Generated,gkehub2,false,1,0,0,2,4,1,3,0,3
google_gke_hub_membership_iam_binding,1.10,0.00,1.10,D,true,Generated,gkehub,true,0,0,1,0,2,2,1,0,0
google_gke_hub_membership_iam_member,1.20,0.00,1.20,D,true,Generated,gkehub,true,1,0,0,0,1,1,1,0,0
google_gke_hub_membership_iam_policy,1.20,0.00,1.20,D,false,Generated,gkehub,true,1,0,0,0,0,1,0,0,0
google_gke_hub_membership_rbac_role_binding,4.25,2.00,2.25,C,true,Generated,gkehub2,false,0,0,0,1,2,1,1,0,1
google_gke_hub_namespace,11.70,6.00,5.70,B,true,Generated,gkehub2,false,1,0,0,2,5,1,4,0,3
google_gke_hub_scope,10.50,6.00,4.50,B,true,Generated,gkehub2,false,0,0,0,2,5,0,4,0,3
google_gke_hub_scope_iam_binding,1.10,0.00,1.10,D,true,Generated,gkehub2,true,0,0,1,0,2,2,1,0,0
google_gke_hub_scope_iam_member,1.20,0.00,1.20,D,true,Generated,gkehub2,true,1,0,0,0,1,1,1,0,0
google_gke_hub_scope_iam_policy,1.20,0.00,1.20,D,false,Generated,gkehub2,true,1,0,0,0,0,1,0,0,0
google_gke_hub_scope_rbac_role_binding,10.50,6.00,4.50,B,true,Generated,gkehub2,false,0,0,0,2,5,1,3,0,3
google_gkeonprem_bare_metal_admin_cluster,26.50,22.00,4.50,A,true,Generated,gkeonprem,false,0,0,0,2,76,27,40,0,11
google_gkeonprem_bare_metal_cluster,63.70,58.00,5.70,A,true,Generated,gkeonprem,false,1,0,0,2,169,49,94,18,11
google_gkeonprem_bare_metal_node_pool,21.70,16.00,5.70,A,true,Generated,gkeonprem,false,1,0,0,2,15,4,6,4,4
google_gkeonprem_vmware_admin_cluster,62.50,58.00,4.50,A,true,Generated,gkeonprem,false,0,0,0,2,78,15,36,10,19
google_gkeonprem_vmware_cluster,53.70,48.00,5.70,A,true,Generated,gkeonprem,false,1,0,0,2,78,20,37,11,13
google_gkeonprem_vmware_node_pool,17.70,12.00,5.70,A,true,Generated,gkeonprem,false,1,0,0,2,19,2,14,2,4
google_healthcare_consent_store,7.45,4.00,3.45,C,true,Generated,healthcare,false,1,0,0,1,3,1,2,0,2
google_healthcare_consent_store_iam_binding,1.10,0.00,1.10,D,true,Generated,healthcare,true,0,0,1,0,2,2,1,0,0
google_healthcare_consent_store_iam_member,1.20,0.00,1.20,D,true,Generated,healthcare,true,1,0,0,0,1,1,1,0,0
google_healthcare_consent_store_iam_policy,1.20,0.00,1.20,D,false,Generated,healthcare,true,1,0,0,0,0,1,0,0,0
google_healthcare_dataset,4.25,2.00,2.25,C,true,Generated,healthcare,false,0,0,0,1,1,0,1,1,0
google_healthcare_dataset_iam_binding,1.10,0.00,1.10,D,true,HandwrittenIAM,healthcare,true,0,0,1,0,2,2,1,0,0
google_healthcare_dataset_iam_member,1.20,0.00,1.20,D,true,HandwrittenIAM,healthcare,true,1,0,0,0,1,1,1,0,0
google_healthcare_dataset_iam_policy,1.20,0.00,1.20,D,false,HandwrittenIAM,healthcare,true,1,0,0,0,0,1,0,0,0
google_healthcare_dicom_store,7.45,4.00,3.45,A,true,Generated,healthcare,false,1,0,0,1,7,3,4,0,2
google_healthcare_dicom_store_iam_binding,1.10,0.00,1.10,D,true,HandwrittenIAM,healthcare,true,0,0,1,0,2,2,1,0,0
google_healthcare_dicom_store_iam_member,1.20,0.00,1.20,D,true,HandwrittenIAM,healthcare,true,1,0,0,0,1,1,1,0,0
google_healthcare_dicom_store_iam_policy,1.20,0.00,1.20,D,false,HandwrittenIAM,healthcare,true,1,0,0,0,0,1,0,0,0
google_healthcare_fhir_store,11.45,8.00,3.45,A,true,Generated,healthcare,false,1,0,0,1,27,6,19,0,4
google_healthcare_fhir_store_iam_binding,1.10,0.00,1.10,D,true,HandwrittenIAM,healthcare,true,0,0,1,0,2,2,1,0,0
google_healthcare_fhir_store_iam_member,1.20,0.00,1.20,D,true,HandwrittenIAM,healthcare,true,1,0,0,0,1,1,1,0,0
google_healthcare_fhir_store_iam_policy,1.20,0.00,1.20,D,false,HandwrittenIAM,healthcare,true,1,0,0,0,0,1,0,0,0
google_healthcare_hl7_v2_store,11.45,6.00,5.45,B,true,Generated,healthcare,false,3,0,0,1,6,1,6,1,2
google_healthcare_hl7_v2_store_iam_binding,1.10,0.00,1.10,D,true,HandwrittenIAM,healthcare,true,0,0,1,0,2,2,1,0,0
google_healthcare_hl7_v2_store_iam_member,1.20,0.00,1.20,D,true,HandwrittenIAM,healthcare,true,1,0,0,0,1,1,1,0,0
google_healthcare_hl7_v2_store_iam_policy,1.20,0.00,1.20,D,false,HandwrittenIAM,healthcare,true,1,0,0,0,0,1,0,0,0
google_healthcare_pipeline_job,6.25,4.00,2.25,A,true,Generated,healthcare,false,0,0,0,1,18,7,10,0,2
google_healthcare_workspace,7.45,4.00,3.45,C,true,Generated,healthcare,false,1,0,0,1,6,4,2,0,2
google_iam_access_boundary_policy,0.00,0.00,0.00,A,true,Generated,iam2,false,0,0,0,0,9,1,8,0,0
google_iam_deny_policy,0.00,0.00,0.00,A,true,Generated,iam2,false,0,0,0,0,18,1,17,0,0
google_iam_folders_policy_binding,4.25,2.00,2.25,C,true,Generated,iam3,false,0,0,0,1,4,1,3,0,1
google_iam_oauth_client,2.25,0.00,2.25,C,true,Generated,iamworkforcepool,false,0,0,0,1,3,3,1,0,0
google_iam_oauth_client_credential,2.25,0.00,2.25,C,false,Generated,iamworkforcepool,false,0,0,0,1,0,0,1,0,0
google_iam_organizations_policy_binding,4.25,2.00,2.25,C,true,Generated,iam3,false,0,0,0,1,4,1,3,0,1
google_iam_principal_access_boundary_policy,6.25,4.00,2.25,A,true,Generated,iam3,false,0,0,0,1,8,5,2,1,1
google_iam_projects_policy_binding,6.50,2.00,4.50,C,true,Generated,iam3,false,0,0,0,2,4,1,4,0,1
google_iam_workforce_pool,0.00,0.00,0.00,D,true,Generated,iamworkforcepool,false,0,0,0,0,3,0,3,0,0
google_iam_workforce_pool_iam_binding,1.10,0.00,1.10,D,true,Generated,iamworkforcepool,true,0,0,1,0,2,2,1,0,0
google_iam_workforce_pool_iam_member,1.20,0.00,1.20,D,true,Generated,iamworkforcepool,true,1,0,0,0,1,1,1,0,0
google_iam_workforce_pool_iam_policy,1.20,0.00,1.20,D,false,Generated,iamworkforcepool,true,1,0,0,0,0,1,0,0,0
google_iam_workforce_pool_provider,4.00,4.00,0.00,A,true,Generated,iamworkforcepool,false,0,0,0,0,29,4,23,2,0
google_iam_workforce_pool_provider_key,0.00,0.00,0.00,D,true,Generated,iamworkforcepool,false,0,0,0,0,1,1,0,0,0
google_iam_workforce_pool_provider_scim_tenant,0.00,0.00,0.00,D,false,Generated,iamworkforcepool,false,0,0,0,0,0,0,0,0,0
google_iam_workload_identity_pool,2.25,0.00,2.25,A,true,Generated,iambeta,false,0,0,0,1,9,5,5,0,0
google_iam_workload_identity_pool_iam_binding,1.10,0.00,1.10,D,true,Generated,iambeta,true,0,0,1,0,2,2,1,0,0
google_iam_workload_identity_pool_iam_member,1.20,0.00,1.20,D,true,Generated,iambeta,true,1,0,0,0,1,1,1,0,0
google_iam_workload_identity_pool_iam_policy,1.20,0.00,1.20,D,false,Generated,iambeta,true,1,0,0,0,0,1,0,0,0
google_iam_workload_identity_pool_managed_identity,2.25,0.00,2.25,C,true,Generated,iambeta,false,0,0,0,1,1,0,2,0,0
google_iam_workload_identity_pool_namespace,4.25,2.00,2.25,C,false,Generated,iambeta,false,0,0,0,1,1,0,1,0,1
google_iam_workload_identity_pool_provider,4.25,0.00,4.25,A,true,Generated,iambeta,false,2,0,0,1,15,5,13,0,0
google_iap_app_engine_service_iam_binding,1.10,0.00,1.10,D,true,Generated,iap,true,0,0,1,0,2,2,1,0,0
google_iap_app_engine_service_iam_member,1.20,0.00,1.20,D,true,Generated,iap,true,1,0,0,0,1,1,1,0,0
google_iap_app_engine_service_iam_policy,1.20,0.00,1.20,D,false,Generated,iap,true,1,0,0,0,0,1,0,0,0
google_iap_app_engine_version_iam_binding,1.10,0.00,1.10,D,true,Generated,iap,true,0,0,1,0,2,2,1,0,0
google_iap_app_engine_version_iam_member,1.20,0.00,1.20,D,true,Generated,iap,true,1,0,0,0,1,1,1,0,0
google_iap_app_engine_version_iam_policy,1.20,0.00,1.20,D,false,Generated,iap,true,1,0,0,0,0,1,0,0,0
google_iap_brand,2.25,0.00,2.25,C,false,Generated,iap,false,0,0,0,1,0,0,1,0,0
google_iap_client,0.00,0.00,0.00,D,false,Generated,iap,false,0,0,0,0,0,0,0,0,0
google_iap_settings,0.00,0.00,0.00,A,true,Generated,iap,false,0,0,0,0,40,0,40,0,0
google_iap_tunnel_dest_group,2.25,0.00,2.25,C,true,Generated,iap,false,0,0,0,1,2,0,3,0,0
google_iap_tunnel_dest_group_iam_binding,1.10,0.00,1.10,D,true,Generated,iap,true,0,0,1,0,2,2,1,0,0
google_iap_tunnel_dest_group_iam_member,1.20,0.00,1.20,D,true,Generated,iap,true,1,0,0,0,1,1,1,0,0
google_iap_tunnel_dest_group_iam_policy,1.20,0.00,1.20,D,false,Generated,iap,true,1,0,0,0,0,1,0,0,0
google_iap_tunnel_iam_binding,1.10,0.00,1.10,D,true,Generated,iap,true,0,0,1,0,2,2,1,0,0
google_iap_tunnel_iam_member,1.20,0.00,1.20,D,true,Generated,iap,true,1,0,0,0,1,1,1,0,0
google_iap_tunnel_iam_policy,1.20,0.00,1.20,D,false,Generated,iap,true,1,0,0,0,0,1,0,0,0
google_iap_tunnel_instance_iam_binding,1.10,0.00,1.10,D,true,Generated,iap,true,0,0,1,0,2,2,1,0,0
google_iap_tunnel_instance_iam_member,1.20,0.00,1.20,D,true,Generated,iap,true,1,0,0,0,1,1,1,0,0
google_iap_tunnel_instance_iam_policy,1.20,0.00,1.20,D,false,Generated,iap,true,1,0,0,0,0,1,0,0,0
google_iap_web_backend_service_iam_binding,1.10,0.00,1.10,D,true,Generated,iap,true,0,0,1,0,2,2,1,0,0
google_iap_web_backend_service_iam_member,1.20,0.00,1.20,D,true,Generated,iap,true,1,0,0,0,1,1,1,0,0
google_iap_web_backend_service_iam_policy,1.20,0.00,1.20,D,false,Generated,iap,true,1,0,0,0,0,1,0,0,0
google_iap_web_cloud_run_service_iam_binding,1.10,0.00,1.10,D,true,Generated,iap,true,0,0,1,0,2,2,1,0,0
google_iap_web_cloud_run_service_iam_member,1.20,0.00,1.20,D,true,Generated,iap,true,1,0,0,0,1,1,1,0,0
google_iap_web_cloud_run_service_iam_policy,1.20,0.00,1.20,D,false,Generated,iap,true,1,0,0,0,0,1,0,0,0
google_iap_web_forwarding_rule_service_iam_binding,1.10,0.00,1.10,D,true,Generated,iap,true,0,0,1,0,2,2,1,0,0
google_iap_web_forwarding_rule_service_iam_member,1.20,0.00,1.20,D,true,Generated,iap,true,1,0,0,0,1,1,1,0,0
google_iap_web_forwarding_rule_service_iam_policy,1.20,0.00,1.20,D,false,Generated,iap,true,1,0,0,0,0,1,0,0,0
google_iap_web_iam_binding,1.10,0.00,1.10,D,true,Generated,iap,true,0,0,1,0,2,2,1,0,0
google_iap_web_iam_member,1.20,0.00,1.20,D,true,Generated,iap,true,1,0,0,0,1,1,1,0,0
google_iap_web_iam_policy,1.20,0.00,1.20,D,false,Generated,iap,true,1,0,0,0,0,1,0,0,0
google_iap_web_region_backend_service_iam_binding,1.10,0.00,1.10,D,true,Generated,iap,true,0,0,1,0,2,2,1,0,0
google_iap_web_region_backend_service_iam_member,1.20,0.00,1.20,D,true,Generated,iap,true,1,0,0,0,1,1,1,0,0
google_iap_web_region_backend_service_iam_policy,1.20,0.00,1.20,D,false,Generated,iap,true,1,0,0,0,0,1,0,0,0
google_iap_web_region_forwarding_rule_service_iam_binding,1.10,0.00,1.10,D,true,Generated,iap,true,0,0,1,0,2,2,1,0,0
google_iap_web_region_forwarding_rule_service_iam_member,1.20,0.00,1.20,D,true,Generated,iap,true,1,0,0,0,1,1,1,0,0
google_iap_web_region_forwarding_rule_service_iam_policy,1.20,0.00,1.20,D,false,Generated,iap,true,1,0,0,0,0,1,0,0,0
google_iap_web_type_app_engine_iam_binding,1.10,0.00,1.10,D,true,Generated,iap,true,0,0,1,0,2,2,1,0,0
google_iap_web_type_app_engine_iam_member,1.20,0.00,1.20,D,true,Generated,iap,true,1,0,0,0,1,1,1,0,0
google_iap_web_type_app_engine_iam_policy,1.20,0.00,1.20,D,false,Generated,iap,true,1,0,0,0,0,1,0,0,0
google_iap_web_type_compute_iam_binding,1.10,0.00,1.10,D,true,Generated,iap,true,0,0,1,0,2,2,1,0,0
google_iap_web_type_compute_iam_member,1.20,0.00,1.20,D,true,Generated,iap,true,1,0,0,0,1,1,1,0,0
google_iap_web_type_compute_iam_policy,1.20,0.00,1.20,D,false,Generated,iap,true,1,0,0,0,0,1,0,0,0
google_identity_platform_config,18.25,16.00,2.25,A,true,Generated,identityplatform,false,0,0,0,1,47,2,38,6,2
google_identity_platform_default_supported_idp_config,2.25,0.00,2.25,C,false,Generated,identityplatform,false,0,0,0,1,0,0,1,0,0
google_identity_platform_inbound_saml_config,6.25,4.00,2.25,C,true,Generated,identityplatform,false,0,0,0,1,6,4,1,0,2
google_identity_platform_oauth_idp_config,2.25,0.00,2.25,C,true,Generated,identityplatform,false,0,0,0,1,1,0,2,0,0
google_identity_platform_tenant,2.25,0.00,2.25,C,true,Generated,identityplatform,false,0,0,0,1,3,0,4,0,0
google_identity_platform_tenant_default_supported_idp_config,2.25,0.00,2.25,C,false,Generated,identityplatform,false,0,0,0,1,0,0,1,0,0
google_identity_platform_tenant_inbound_saml_config,6.25,4.00,2.25,C,true,Generated,identityplatform,false,0,0,0,1,6,4,1,0,2
google_identity_platform_tenant_oauth_idp_config,2.25,0.00,2.25,C,false,Generated,identityplatform,false,0,0,0,1,0,0,1,0,0
google_integration_connectors_connection,20.50,16.00,4.50,A,true,Generated,integrationconnectors,false,0,0,0,2,113,5,102,1,7
google_integration_connectors_endpoint_attachment,8.50,4.00,4.50,B,true,Generated,integrationconnectors,false,0,0,0,2,3,0,3,0,2
google_integration_connectors_managed_zone,8.50,4.00,4.50,B,true,Generated,integrationconnectors,false,0,0,0,2,3,0,3,0,2
google_integrations_auth_config,4.65,0.00,4.65,A,true,Generated,integrations,false,2,0,0,1,46,2,47,0,0
google_integrations_client,2.25,0.00,2.25,C,true,Generated,integrations,false,0,0,0,1,1,0,2,0,0
google_kms_autokey_config,1.20,0.00,1.20,D,false,Generated,kms,false,1,0,0,0,0,1,0,0,0
google_kms_crypto_key,13.45,10.00,3.45,A,true,Generated,kms,false,1,0,0,1,8,1,4,2,3
google_kms_crypto_key_iam_binding,1.10,0.00,1.10,D,true,HandwrittenIAM,kms,true,0,0,1,0,2,2,1,0,0
google_kms_crypto_key_iam_member,1.20,0.00,1.20,D,true,HandwrittenIAM,kms,true,1,0,0,0,1,1,1,0,0
google_kms_crypto_key_iam_policy,1.20,0.00,1.20,D,false,HandwrittenIAM,kms,true,1,0,0,0,0,1,0,0,0
google_kms_crypto_key_version,2.00,2.00,0.00,A,true,Generated,kms,false,0,0,0,0,15,0,14,0,1
google_kms_ekm_connection,9.45,6.00,3.45,A,true,Generated,kms,false,1,0,0,1,6,4,1,3,0
google_kms_ekm_connection_iam_binding,1.10,0.00,1.10,D,true,Generated,kms,true,0,0,1,0,2,2,1,0,0
google_kms_ekm_connection_iam_member,1.20,0.00,1.20,D,true,Generated,kms,true,1,0,0,0,1,1,1,0,0
google_kms_ekm_connection_iam_policy,1.20,0.00,1.20,D,false,Generated,kms,true,1,0,0,0,0,1,0,0,0
google_kms_folder_kaj_policy_config,0.00,0.00,0.00,D,true,Generated,kms,false,0,0,0,0,3,0,3,0,0
google_kms_key_handle,2.25,0.00,2.25,C,false,Generated,kms,false,0,0,0,1,0,0,1,0,0
google_kms_key_ring,2.25,0.00,2.25,C,false,Generated,kms,false,0,0,0,1,0,0,1,0,0
google_kms_key_ring_iam_binding,1.10,0.00,1.10,D,true,HandwrittenIAM,kms,true,0,0,1,0,2,2,1,0,0
google_kms_key_ring_iam_member,1.20,0.00,1.20,D,true,HandwrittenIAM,kms,true,1,0,0,0,1,1,1,0,0
google_kms_key_ring_iam_policy,1.20,0.00,1.20,D,false,HandwrittenIAM,kms,true,1,0,0,0,0,1,0,0,0
google_kms_key_ring_import_job,5.20,4.00,1.20,C,false,Generated,kms,false,1,0,0,0,2,1,0,0,2
google_kms_organization_kaj_policy_config,0.00,0.00,0.00,D,true,Generated,kms,false,0,0,0,0,3,0,3,0,0
google_kms_project_kaj_policy_config,2.25,0.00,2.25,C,true,Generated,kms,false,0,0,0,1,3,0,4,0,0
google_kms_secret_ciphertext,0.00,0.00,0.00,D,false,Generated,kms,false,0,0,0,0,0,0,0,0,0
google_logging_billing_account_bucket_config,0.00,0.00,0.00,D,false,Handwritten,logging,false,0,0,0,0,0,0,0,0,0
google_logging_billing_account_exclusion,0.00,0.00,0.00,D,false,Handwritten,logging,false,0,0,0,0,0,0,0,0,0
google_logging_billing_account_sink,5.40,2.00,3.40,C,true,Handwritten,logging,false,3,0,0,0,2,2,2,1,0
google_logging_folder_bucket_config,0.00,0.00,0.00,D,false,Handwritten,logging,false,0,0,0,0,0,0,0,0,0
google_logging_folder_exclusion,0.00,0.00,0.00,D,false,Handwritten,logging,false,0,0,0,0,0,0,0,0,0
google_logging_folder_settings,0.00,0.00,0.00,D,false,Generated,logging,false,0,0,0,0,0,0,0,0,0
google_logging_folder_sink,5.40,2.00,3.40,C,true,Handwritten,logging,false,3,0,0,0,2,2,2,1,0
google_logging_linked_dataset,4.30,2.00,2.30,C,true,Generated,logging,false,2,0,0,0,1,1,0,2,0
google_logging_log_scope,2.30,0.00,2.30,C,true,Generated,logging,false,2,0,0,0,1,2,0,1,0
google_logging_log_view,3.50,0.00,3.50,C,false,Generated,logging,false,3,0,0,0,0,2,0,1,0
google_logging_log_view_iam_binding,1.10,0.00,1.10,D,true,Generated,logging,true,0,0,1,0,2,2,1,0,0
google_logging_log_view_iam_member,1.20,0.00,1.20,D,true,Generated,logging,true,1,0,0,0,1,1,1,0,0
google_logging_log_view_iam_policy,1.20,0.00,1.20,D,false,Generated,logging,true,1,0,0,0,0,1,0,0,0
google_logging_metric,4.25,2.00,2.25,A,true,Generated,logging,false,0,0,0,1,14,3,11,1,0
google_logging_organization_bucket_config,0.00,0.00,0.00,D,false,Handwritten,logging,false,0,0,0,0,0,0,0,0,0
google_logging_organization_exclusion,0.00,0.00,0.00,D,false,Handwritten,logging,false,0,0,0,0,0,0,0,0,0
google_logging_organization_settings,0.00,0.00,0.00,D,false,Generated,logging,false,0,0,0,0,0,0,0,0,0
google_logging_organization_sink,5.40,2.00,3.40,C,true,Handwritten,logging,false,3,0,0,0,2,2,2,1,0
google_logging_project_bucket_config,1.00,0.00,1.00,D,true,Handwritten,logging,false,1,0,0,0,2,0,3,0,0
google_logging_project_exclusion,0.00,0.00,0.00,D,false,Handwritten,logging,false,0,0,0,0,0,0,0,0,0
google_logging_project_sink,7.65,2.00,5.65,C,true,Handwritten,logging,false,3,0,0,1,2,2,3,1,0
google_looker_instance,4.25,2.00,2.25,A,true,Generated,looker,false,0,0,0,1,22,9,13,1,0
google_lustre_instance,8.50,4.00,4.50,B,true,Generated,lustre,false,0,0,0,2,3,0,3,0,2
google_managed_kafka_acl,2.25,0.00,2.25,C,true,Generated,managedkafka,false,0,0,0,1,1,1,1,0,0
google_managed_kafka_cluster,22.10,6.00,16.10,A,true,Generated,managedkafka,false,10,0,0,2,17,15,11,1,2
google_managed_kafka_connect_cluster,13.30,4.00,9.30,A,true,Generated,managedkafka,false,4,0,0,2,18,11,11,0,2
google_managed_kafka_connector,2.25,0.00,2.25,C,true,Generated,managedkafka,false,0,0,0,1,2,0,3,0,0
google_managed_kafka_topic,2.25,0.00,2.25,C,true,Generated,managedkafka,false,0,0,0,1,1,0,2,0,0
google_memcache_instance,15.70,10.00,5.70,A,true,Generated,memcache,false,0,0,1,2,17,6,8,2,4
google_memorystore_instance,72.70,66.00,6.70,A,true,Generated,memorystore,false,0,0,2,2,62,12,21,7,26
google_memorystore_instance_desired_user_created_endpoints,2.25,0.00,2.25,A,true,Generated,memorystore,false,0,0,0,1,6,0,7,0,0
google_migration_center_group,8.50,4.00,4.50,B,true,Generated,migrationcenter,false,0,0,0,2,3,0,3,0,2
google_migration_center_preference_set,2.25,0.00,2.25,A,true,Generated,migrationcenter,false,0,0,0,1,22,0,23,0,0
google_ml_engine_model,8.50,4.00,4.50,B,true,Generated,mlengine,false,0,0,0,2,5,0,5,0,2
google_model_armor_floorsetting,0.00,0.00,0.00,A,true,Generated,modelarmorglobal,false,0,0,0,0,23,4,19,0,0
google_model_armor_template,8.50,4.00,4.50,A,true,Generated,modelarmor,false,0,0,0,2,24,4,20,0,2
google_monitoring_alert_policy,16.25,2.00,14.25,A,true,Generated,monitoring,false,12,0,0,1,87,1,98,0,1
google_monitoring_custom_service,2.25,0.00,2.25,C,true,Generated,monitoring,false,0,0,0,1,2,0,3,0,0
google_monitoring_dashboard,4.65,0.00,4.65,C,false,Handwritten,monitoring,false,2,0,0,1,0,2,1,0,0
google_monitoring_group,3.25,0.00,3.25,C,false,Generated,monitoring,false,1,0,0,1,0,0,2,0,0
google_monitoring_metric_descriptor,4.25,2.00,2.25,C,true,Generated,monitoring,false,0,0,1,1,3,0,3,0,2
google_monitoring_monitored_project,2.40,0.00,2.40,C,false,Generated,monitoring,false,2,0,0,0,0,2,0,0,0
google_monitoring_notification_channel,4.50,0.00,4.50,C,true,Generated,monitoring,false,0,0,0,2,3,0,5,0,0
google_monitoring_service,4.25,2.00,2.25,C,true,Generated,monitoring,false,0,0,0,1,5,0,5,0,1
google_monitoring_slo,20.25,0.00,20.25,A,true,Generated,monitoring,false,0,0,18,1,72,14,77,0,0
google_monitoring_uptime_check_config,12.65,4.00,8.65,A,true,Generated,monitoring,false,6,0,0,1,26,6,25,2,0
google_netapp_active_directory,8.50,4.00,4.50,B,true,Generated,netapp,false,0,0,0,2,6,0,6,0,2
google_netapp_backup,10.50,4.00,6.50,B,true,Generated,netapp,false,2,0,0,2,3,0,5,0,2
google_netapp_backup_policy,8.50,4.00,4.50,B,true,Generated,netapp,false,0,0,0,2,3,0,3,0,2
google_netapp_backup_vault,8.50,4.00,4.50,B,true,Generated,netapp,false,0,0,0,2,4,0,4,0,2
google_netapp_host_group,8.50,4.00,4.50,B,true,Generated,netapp,false,0,0,0,2,4,1,3,0,2
google_netapp_kmsconfig,8.50,4.00,4.50,B,true,Generated,netapp,false,0,0,0,2,3,0,3,0,2
google_netapp_storage_pool,9.70,4.00,5.70,B,true,Generated,netapp,false,1,0,0,2,3,1,3,0,2
google_netapp_volume,18.70,12.00,6.70,A,true,Generated,netapp,false,2,0,0,2,37,3,30,5,3
google_netapp_volume_quota_rule,8.50,4.00,4.50,B,true,Generated,netapp,false,0,0,0,2,3,0,3,0,2
google_netapp_volume_replication,18.50,14.00,4.50,A,true,Generated,netapp,false,0,0,0,2,11,0,6,0,7
google_netapp_volume_snapshot,8.50,4.00,4.50,B,true,Generated,netapp,false,0,0,0,2,3,0,3,0,2
google_network_connectivity_group,10.90,4.00,6.90,B,true,Generated,networkconnectivity,false,2,0,0,2,6,4,4,0,2
google_network_connectivity_hub,11.60,6.00,5.60,B,true,Generated,networkconnectivity,false,1,0,0,2,4,0,3,1,3
google_network_connectivity_internal_range,11.70,6.00,5.70,A,true,Generated,networkconnectivityv1,false,1,0,0,2,9,1,8,0,3
google_network_connectivity_policy_based_route,14.50,10.00,4.50,A,true,Generated,networkconnectivity,false,0,0,0,2,11,3,5,0,5
google_network_connectivity_regional_endpoint,8.50,4.00,4.50,B,true,Generated,networkconnectivity,false,0,0,0,2,3,0,3,0,2
google_network_connectivity_service_connection_policy,16.50,12.00,4.50,A,true,Generated,networkconnectivityv1,false,0,0,0,2,19,2,13,0,6
google_network_connectivity_spoke,26.40,10.00,16.40,A,true,Generated,networkconnectivity,false,10,0,0,2,34,17,23,1,5
google_network_management_connectivity_test,8.50,4.00,4.50,A,true,Generated,networkmanagement,false,0,0,0,2,12,2,10,0,2
google_network_management_organization_vpc_flow_logs_config,6.25,4.00,2.25,C,true,Generated,networkmanagement,false,0,0,0,1,4,0,3,0,2
google_network_management_vpc_flow_logs_config,8.50,4.00,4.50,B,true,Generated,networkmanagement,false,0,0,0,2,4,0,4,0,2
google_network_security_address_group,8.25,6.00,2.25,C,true,Generated,networksecurity,false,0,0,0,1,5,0,3,1,2
google_network_security_address_group_iam_binding,1.10,0.00,1.10,D,true,Generated,networksecurity,true,0,0,1,0,2,2,1,0,0
google_network_security_address_group_iam_member,1.20,0.00,1.20,D,true,Generated,networksecurity,true,1,0,0,0,1,1,1,0,0
google_network_security_address_group_iam_policy,1.20,0.00,1.20,D,false,Generated,networksecurity,true,1,0,0,0,0,1,0,0,0
google_network_security_authorization_policy,8.50,4.00,4.50,A,true,Generated,networksecurity,false,0,0,0,2,26,9,17,0,2
google_network_security_authz_policy,14.10,4.00,10.10,A,true,Generated,networksecurity,false,5,0,0,2,151,7,149,0,2
google_network_security_backend_authentication_config,10.50,4.00,6.50,B,true,Generated,networksecurity,false,2,0,0,2,3,0,5,0,2
google_network_security_client_tls_policy,8.50,4.00,4.50,A,true,Generated,networksecurity,false,0,0,0,2,13,0,13,0,2
google_network_security_dns_threat_detector,8.50,4.00,4.50,B,true,Generated,networksecurity,false,0,0,0,2,4,0,4,0,2
google_network_security_firewall_endpoint,8.25,6.00,2.25,C,true,Generated,networksecurity,false,0,0,0,1,4,0,2,0,3
google_network_security_firewall_endpoint_association,6.25,4.00,2.25,C,true,Generated,networksecurity,false,0,0,0,1,3,0,2,0,2
google_network_security_gateway_security_policy,2.25,0.00,2.25,C,false,Generated,networksecurity,false,0,0,0,1,0,0,1,0,0
google_network_security_gateway_security_policy_rule,2.25,0.00,2.25,C,false,Generated,networksecurity,false,0,0,0,1,0,0,1,0,0
google_network_security_intercept_deployment,8.50,4.00,4.50,B,true,Generated,networksecurity,false,0,0,0,2,3,0,3,0,2
google_network_security_intercept_deployment_group,12.50,8.00,4.50,B,true,Generated,networksecurity,false,0,0,0,2,5,0,3,0,4
google_network_security_intercept_endpoint_group,16.50,12.00,4.50,A,true,Generated,networksecurity,false,0,0,0,2,7,0,3,0,6
google_network_security_intercept_endpoint_group_association,12.50,8.00,4.50,B,true,Generated,networksecurity,false,0,0,0,2,5,0,3,0,4
google_network_security_mirroring_deployment,8.50,4.00,4.50,B,true,Generated,networksecurity,false,0,0,0,2,3,0,3,0,2
google_network_security_mirroring_deployment_group,12.50,8.00,4.50,B,true,Generated,networksecurity,false,0,0,0,2,5,0,3,0,4
google_network_security_mirroring_endpoint,8.50,4.00,4.50,B,true,Generated,networksecurity,false,0,0,0,2,3,0,3,0,2
google_network_security_mirroring_endpoint_group,16.50,12.00,4.50,A,true,Generated,networksecurity,false,0,0,0,2,8,0,4,0,6
google_network_security_mirroring_endpoint_group_association,12.50,8.00,4.50,B,true,Generated,networksecurity,false,0,0,0,2,5,0,3,0,4
google_network_security_security_profile,6.25,4.00,2.25,A,true,Generated,networksecurity,false,0,0,0,1,18,0,17,0,2
google_network_security_security_profile_group,6.25,4.00,2.25,C,true,Generated,networksecurity,false,0,0,0,1,3,0,2,0,2
google_network_security_server_tls_policy,8.50,4.00,4.50,A,true,Generated,networksecurity,false,0,0,0,2,17,0,17,0,2
google_network_security_tls_inspection_policy,3.25,0.00,3.25,C,true,Generated,networksecurity,false,1,0,0,1,1,0,3,0,0
google_network_security_url_lists,2.25,0.00,2.25,C,true,Generated,networksecurity,false,0,0,0,1,1,1,1,0,0
google_network_services_authz_extension,10.90,4.00,6.90,B,true,Generated,networkservices,false,2,0,0,2,5,2,5,0,2
google_network_services_edge_cache_keyset,8.50,4.00,4.50,B,true,Generated,networkservices,false,0,0,0,2,5,0,5,0,2
google_network_services_edge_cache_origin,11.50,6.00,5.50,A,true,Generated,networkservices,false,1,0,0,2,20,0,20,1,2
google_network_services_edge_cache_service,16.50,8.00,8.50,A,true,Generated,networkservices,false,4,0,0,2,185,22,165,0,4
google_network_services_endpoint_policy,8.50,4.00,4.50,A,true,Generated,networkservices,false,0,0,0,2,12,5,7,0,2
google_network_services_gateway,11.50,6.00,5.50,B,true,Generated,networkservices,false,1,0,0,2,6,1,5,1,2
google_network_services_grpc_route,8.50,4.00,4.50,A,true,Generated,networkservices,false,0,0,0,2,38,2,36,0,2
google_network_services_http_route,8.50,4.00,4.50,A,true,Generated,networkservices,false,0,0,0,2,108,2,106,0,2
google_network_services_lb_route_extension,16.30,4.00,12.30,A,true,Generated,networkservices,false,7,0,0,2,12,10,9,0,2
google_network_services_lb_traffic_extension,16.30,4.00,12.30,A,true,Generated,networkservices,false,7,0,0,2,18,10,15,0,2
google_network_services_mesh,8.50,4.00,4.50,B,true,Generated,networkservices,false,0,0,0,2,3,0,3,0,2
google_network_services_multicast_domain,8.50,4.00,4.50,B,true,Generated,networkservices,false,0,0,0,2,4,1,3,0,2
google_network_services_service_binding,8.50,4.00,4.50,B,true,Generated,networkservices,false,0,0,0,2,3,0,3,0,2
google_network_services_service_lb_policies,8.50,4.00,4.50,B,true,Generated,networkservices,false,0,0,0,2,6,0,6,0,2
google_network_services_tcp_route,8.50,4.00,4.50,A,true,Generated,networkservices,false,0,0,0,2,13,3,10,0,2
google_network_services_tls_route,2.25,0.00,2.25,A,true,Generated,networkservices,false,0,0,0,1,16,5,12,0,0
google_network_services_wasm_plugin,10.50,6.00,4.50,A,true,Generated,networkservices,false,0,0,0,2,8,1,6,0,3
google_notebooks_environment,3.45,0.00,3.45,C,true,Generated,notebooks,false,1,0,0,1,2,1,3,0,0
google_notebooks_instance,23.40,10.00,13.40,A,true,Generated,notebooks,false,7,1,0,2,14,2,12,8,2
google_notebooks_instance_iam_binding,1.10,0.00,1.10,D,true,Generated,notebooks,true,0,0,1,0,2,2,1,0,0
google_notebooks_instance_iam_member,1.20,0.00,1.20,D,true,Generated,notebooks,true,1,0,0,0,1,1,1,0,0
google_notebooks_instance_iam_policy,1.20,0.00,1.20,D,false,Generated,notebooks,true,1,0,0,0,0,1,0,0,0
google_notebooks_runtime,77.00,68.00,9.00,A,true,Generated,notebooks,false,4,0,0,2,57,4,22,21,16
google_notebooks_runtime_iam_binding,1.10,0.00,1.10,D,true,Generated,notebooks,true,0,0,1,0,2,2,1,0,0
google_notebooks_runtime_iam_member,1.20,0.00,1.20,D,true,Generated,notebooks,true,1,0,0,0,1,1,1,0,0
google_notebooks_runtime_iam_policy,1.20,0.00,1.20,D,false,Generated,notebooks,true,1,0,0,0,0,1,0,0,0
google_observability_trace_scope,2.25,0.00,2.25,C,true,Generated,observability,false,0,0,0,1,1,1,1,0,0
google_oracle_database_autonomous_database,64.50,60.00,4.50,A,true,Generated,oracledatabase,false,0,0,0,2,34,1,5,0,30
google_oracle_database_cloud_exadata_infrastructure,36.50,32.00,4.50,A,true,Generated,oracledatabase,false,0,0,0,2,20,0,6,14,2
google_oracle_database_cloud_vm_cluster,20.50,16.00,4.50,A,true,Generated,oracledatabase,false,0,0,0,2,14,0,8,4,4
google_oracle_database_db_system,12.50,8.00,4.50,A,true,Generated,oracledatabase,false,0,0,0,2,37,5,30,2,2
google_oracle_database_odb_network,8.50,4.00,4.50,B,true,Generated,oracledatabase,false,0,0,0,2,3,0,3,0,2
google_oracle_database_odb_subnet,8.50,4.00,4.50,B,true,Generated,oracledatabase,false,0,0,0,2,3,0,3,0,2
google_org_policy_custom_constraint,0.00,0.00,0.00,D,true,Generated,orgpolicy,false,0,0,0,0,2,2,0,0,0
google_org_policy_policy,20.40,0.00,20.40,A,true,Generated,orgpolicy,false,20,0,0,0,34,2,52,0,0
google_organization_access_approval_settings,4.30,2.00,2.30,C,true,Generated,accessapproval,false,0,0,2,0,2,2,0,2,0
google_organization_iam_audit_config,0.00,0.00,0.00,D,true,HandwrittenIAM,resourcemanager,true,0,0,0,0,3,1,2,0,0
google_organization_iam_binding,1.10,0.00,1.10,D,true,HandwrittenIAM,resourcemanager,true,0,0,1,0,2,2,1,0,0
google_organization_iam_custom_role,1.00,0.00,1.00,D,true,Handwritten,resourcemanager,false,0,1,0,0,1,1,1,0,0
google_organization_iam_member,1.20,0.00,1.20,D,true,HandwrittenIAM,resourcemanager,true,1,0,0,0,1,1,1,0,0
google_organization_iam_policy,1.20,0.00,1.20,D,false,HandwrittenIAM,resourcemanager,true,1,0,0,0,0,1,0,0,0
google_organization_policy,7.20,0.00,7.20,A,true,Handwritten,resourcemanager,false,1,0,6,0,13,1,19,0,0
google_os_config_guest_policies,58.25,56.00,2.25,A,true,Generated,osconfig,false,0,0,0,1,124,7,90,28,0
google_os_config_os_policy_assignment,5.75,0.00,5.75,A,true,Handwritten,osconfig,false,3,0,0,1,259,41,221,1,0
google_os_config_patch_deployment,2.25,0.00,2.25,A,true,Generated,osconfig,false,0,0,0,1,120,10,111,0,0
google_os_config_v2_policy_orchestrator,14.50,10.00,4.50,A,true,Generated,osconfigv2,false,0,0,0,2,411,62,346,0,5
google_os_config_v2_policy_orchestrator_for_folder,44.25,42.00,2.25,A,true,Generated,osconfigv2,false,0,0,0,1,411,62,329,0,21
google_os_config_v2_policy_orchestrator_for_organization,12.25,10.00,2.25,A,true,Generated,osconfigv2,false,0,0,0,1,411,62,345,0,5
google_os_login_ssh_public_key,0.00,0.00,0.00,D,false,Generated,oslogin,false,0,0,0,0,0,0,0,0,0
google_parallelstore_instance,10.50,6.00,4.50,B,true,Generated,parallelstore,false,0,0,0,2,4,0,3,0,3
google_parameter_manager_parameter,10.50,6.00,4.50,B,true,Generated,parametermanager,false,0,0,0,2,4,0,3,0,3
google_parameter_manager_parameter_version,1.20,0.00,1.20,D,false,Generated,parametermanager,false,1,0,0,0,0,1,0,0,0
google_parameter_manager_regional_parameter,10.50,6.00,4.50,B,true,Generated,parametermanagerregional,false,0,0,0,2,4,0,3,0,3
google_parameter_manager_regional_parameter_version,1.20,0.00,1.20,D,false,Generated,parametermanagerregional,false,1,0,0,0,0,1,0,0,0
google_privateca_ca_pool,9.50,4.00,5.50,A,true,Generated,privateca,false,1,0,0,2,103,32,72,0,2
google_privateca_ca_pool_iam_binding,1.10,0.00,1.10,D,true,Generated,privateca,true,0,0,1,0,2,2,1,0,0
google_privateca_ca_pool_iam_member,1.20,0.00,1.20,D,true,Generated,privateca,true,1,0,0,0,1,1,1,0,0
google_privateca_ca_pool_iam_policy,1.20,0.00,1.20,D,false,Generated,privateca,true,1,0,0,0,0,1,0,0,0
google_privateca_certificate,281.50,276.00,5.50,A,true,Generated,privateca,false,1,0,0,2,250,38,77,0,138
google_privateca_certificate_authority,24.75,16.00,8.75,A,true,Generated,privateca,false,2,0,0,3,128,41,84,2,6
google_privateca_certificate_template,74.50,4.00,70.50,A,true,Generated,privateca,false,6,60,0,2,74,17,123,0,2
google_privateca_certificate_template_iam_binding,1.10,0.00,1.10,D,true,Generated,privateca,true,0,0,1,0,2,2,1,0,0
google_privateca_certificate_template_iam_member,1.20,0.00,1.20,D,true,Generated,privateca,true,1,0,0,0,1,1,1,0,0
google_privateca_certificate_template_iam_policy,1.20,0.00,1.20,D,false,Generated,privateca,true,1,0,0,0,0,1,0,0,0
google_privileged_access_manager_entitlement,15.70,0.00,15.70,A,true,Generated,privilegedaccessmanager,false,0,0,15,0,38,31,22,0,0
google_privileged_access_manager_settings,0.00,0.00,0.00,A,true,Generated,privilegedaccessmanager,false,0,0,0,0,15,0,15,0,0
google_project,7.25,4.00,3.25,C,true,Handwritten,resourcemanager,false,1,0,0,1,4,0,4,0,2
google_project_access_approval_settings,4.30,2.00,2.30,C,true,Generated,accessapproval,false,0,0,2,0,2,2,0,2,0
google_project_default_service_accounts,0.00,0.00,0.00,D,false,Handwritten,resourcemanager,false,0,0,0,0,0,0,0,0,0
google_project_iam_audit_config,0.00,0.00,0.00,D,true,HandwrittenIAM,resourcemanager,true,0,0,0,0,3,1,2,0,0
google_project_iam_binding,1.10,0.00,1.10,D,true,HandwrittenIAM,resourcemanager,true,0,0,1,0,2,2,1,0,0
google_project_iam_custom_role,3.25,0.00,3.25,C,true,Handwritten,resourcemanager,false,0,1,0,1,1,1,2,0,0
google_project_iam_member,1.20,0.00,1.20,D,true,HandwrittenIAM,resourcemanager,true,1,0,0,0,1,1,1,0,0
google_project_iam_member_remove,0.00,0.00,0.00,D,false,Handwritten,resourcemanager,false,0,0,0,0,0,0,0,0,0
google_project_iam_policy,1.20,0.00,1.20,D,false,HandwrittenIAM,resourcemanager,true,1,0,0,0,0,1,0,0,0
google_project_organization_policy,7.20,0.00,7.20,A,true,Handwritten,resourcemanager,false,1,0,6,0,13,1,19,0,0
google_project_service,3.35,0.00,3.35,C,false,Handwritten,resourcemanager,false,1,0,0,1,0,0,1,1,0
google_project_service_identity,2.25,0.00,2.25,C,false,Handwritten,resourcemanager,false,0,0,0,1,0,0,1,0,0
google_project_usage_export_bucket,2.25,0.00,2.25,C,false,Handwritten,compute,false,0,0,0,1,0,0,1,0,0
google_public_ca_external_account_key,2.25,0.00,2.25,C,false,Generated,publicca,false,0,0,0,1,0,0,1,0,0
google_pubsub_lite_reservation,3.45,0.00,3.45,C,false,Generated,pubsublite,false,1,0,0,1,0,1,1,0,0
google_pubsub_lite_subscription,4.65,0.00,4.65,C,true,Generated,pubsublite,false,2,0,0,1,1,2,2,0,0
google_pubsub_lite_topic,5.45,0.00,5.45,A,true,Generated,pubsublite,false,3,0,0,1,5,1,8,0,0
google_pubsub_schema,3.45,0.00,3.45,C,false,Generated,pubsub,false,1,0,0,1,0,1,1,0,0
google_pubsub_schema_iam_binding,1.10,0.00,1.10,D,true,Generated,pubsub,true,0,0,1,0,2,2,1,0,0
google_pubsub_schema_iam_member,1.20,0.00,1.20,D,true,Generated,pubsub,true,1,0,0,0,1,1,1,0,0
google_pubsub_schema_iam_policy,1.20,0.00,1.20,D,false,Generated,pubsub,true,1,0,0,0,0,1,0,0,0
google_pubsub_subscription,20.50,6.00,14.50,A,true,Generated,pubsub,false,9,0,0,2,21,3,22,5,2
google_pubsub_subscription_iam_binding,1.10,0.00,1.10,D,true,HandwrittenIAM,pubsub,true,0,0,1,0,2,2,1,0,0
google_pubsub_subscription_iam_member,1.20,0.00,1.20,D,true,HandwrittenIAM,pubsub,true,1,0,0,0,1,1,1,0,0
google_pubsub_subscription_iam_policy,1.20,0.00,1.20,D,false,HandwrittenIAM,pubsub,true,1,0,0,0,0,1,0,0,0
google_pubsub_topic,13.90,6.00,7.90,A,true,Generated,pubsub,false,1,0,2,2,33,5,30,1,2
google_pubsub_topic_iam_binding,1.10,0.00,1.10,D,true,Generated,pubsub,true,0,0,1,0,2,2,1,0,0
google_pubsub_topic_iam_member,1.20,0.00,1.20,D,true,Generated,pubsub,true,1,0,0,0,1,1,1,0,0
google_pubsub_topic_iam_policy,1.20,0.00,1.20,D,false,Generated,pubsub,true,1,0,0,0,0,1,0,0,0
google_redis_cluster,60.70,54.00,6.70,A,true,Generated,redis,false,0,0,2,2,53,12,18,7,20
google_redis_cluster_user_created_connections,2.25,0.00,2.25,A,true,Generated,redis,false,0,0,0,1,6,0,7,0,0
google_redis_instance,20.95,12.00,8.95,A,true,Generated,redis,false,2,0,0,3,14,3,8,3,5
google_resource_manager_capability,0.00,0.00,0.00,D,false,Generated,resourcemanager3,false,0,0,0,0,0,0,0,0,0
google_resource_manager_lien,0.00,0.00,0.00,D,true,Generated,resourcemanager,false,0,0,0,0,1,1,0,0,0
google_runtimeconfig_config,2.25,0.00,2.25,C,false,Handwritten,runtimeconfig,false,0,0,0,1,0,0,1,0,0
google_runtimeconfig_config_iam_binding,1.10,0.00,1.10,D,true,Generated,runtimeconfig,true,0,0,1,0,2,2,1,0,0
google_runtimeconfig_config_iam_member,1.20,0.00,1.20,D,true,Generated,runtimeconfig,true,1,0,0,0,1,1,1,0,0
google_runtimeconfig_config_iam_policy,1.20,0.00,1.20,D,false,Generated,runtimeconfig,true,1,0,0,0,0,1,0,0,0
google_runtimeconfig_variable,2.25,0.00,2.25,C,false,Handwritten,runtimeconfig,false,0,0,0,1,0,0,1,0,0
google_saas_runtime_release,16.75,10.00,6.75,A,true,Generated,saasruntime,false,0,0,0,3,12,0,10,0,5
google_saas_runtime_rollout_kind,12.75,6.00,6.75,B,true,Generated,saasruntime,false,0,0,0,3,6,0,6,0,3
google_saas_runtime_saas,12.75,6.00,6.75,B,true,Generated,saasruntime,false,0,0,0,3,6,0,6,0,3
google_saas_runtime_tenant,12.75,6.00,6.75,B,true,Generated,saasruntime,false,0,0,0,3,5,0,5,0,3
google_saas_runtime_unit,28.75,22.00,6.75,A,true,Generated,saasruntime,false,0,0,0,3,14,0,6,0,11
google_saas_runtime_unit_kind,12.75,6.00,6.75,A,true,Generated,saasruntime,false,0,0,0,3,16,0,16,0,3
google_scc_event_threat_detection_custom_module,1.20,0.00,1.20,D,false,Generated,securitycenter,false,1,0,0,0,0,1,0,0,0
google_scc_folder_custom_module,0.00,0.00,0.00,A,true,Generated,securitycenter,false,0,0,0,0,17,8,9,0,0
google_scc_folder_notification_config,0.00,0.00,0.00,D,true,Generated,securitycenter,false,0,0,0,0,1,1,0,0,0
google_scc_folder_scc_big_query_export,0.00,0.00,0.00,D,false,Generated,securitycenter,false,0,0,0,0,0,0,0,0,0
google_scc_management_folder_security_health_analytics_custom_module,0.00,0.00,0.00,A,true,Generated,securitycentermanagement,false,0,0,0,0,17,3,14,0,0
google_scc_management_organization_event_threat_detection_custom_module,1.00,0.00,1.00,D,false,Generated,securitycentermanagement,false,1,0,0,0,0,0,1,0,0
google_scc_management_organization_security_health_analytics_custom_module,0.00,0.00,0.00,A,true,Generated,securitycentermanagement,false,0,0,0,0,17,7,10,0,0
google_scc_management_project_security_health_analytics_custom_module,2.25,0.00,2.25,A,true,Generated,securitycentermanagement,false,0,0,0,1,17,7,11,0,0
google_scc_mute_config,0.00,0.00,0.00,D,false,Generated,securitycenter,false,0,0,0,0,0,0,0,0,0
google_scc_notification_config,0.00,0.00,0.00,D,true,Generated,securitycenter,false,0,0,0,0,1,1,0,0,0
google_scc_organization_custom_module,0.00,0.00,0.00,A,true,Generated,securitycenter,false,0,0,0,0,17,8,9,0,0
google_scc_organization_scc_big_query_export,0.00,0.00,0.00,D,false,Generated,securitycenter,false,0,0,0,0,0,0,0,0,0
google_scc_project_custom_module,2.25,0.00,2.25,A,true,Generated,securitycenter,false,0,0,0,1,17,8,10,0,0
google_scc_project_notification_config,2.25,0.00,2.25,C,true,Generated,securitycenter,false,0,0,0,1,1,1,1,0,0
google_scc_project_scc_big_query_export,2.25,0.00,2.25,C,false,Generated,securitycenter,false,0,0,0,1,0,0,1,0,0
google_scc_source,0.00,0.00,0.00,D,false,Generated,securitycenter,false,0,0,0,0,0,0,0,0,0
google_scc_source_iam_binding,1.10,0.00,1.10,D,true,Generated,securitycenter,true,0,0,1,0,2,2,1,0,0
google_scc_source_iam_member,1.20,0.00,1.20,D,true,Generated,securitycenter,true,1,0,0,0,1,1,1,0,0
google_scc_source_iam_policy,1.20,0.00,1.20,D,false,Generated,securitycenter,true,1,0,0,0,0,1,0,0,0
google_scc_v2_folder_mute_config,0.00,0.00,0.00,D,false,Generated,securitycenterv2,false,0,0,0,0,0,0,0,0,0
google_scc_v2_folder_notification_config,0.00,0.00,0.00,D,true,Generated,securitycenterv2,false,0,0,0,0,1,1,0,0,0
google_scc_v2_folder_scc_big_query_export,0.00,0.00,0.00,D,false,Generated,securitycenterv2,false,0,0,0,0,0,0,0,0,0
google_scc_v2_organization_mute_config,0.00,0.00,0.00,D,false,Generated,securitycenterv2,false,0,0,0,0,0,0,0,0,0
google_scc_v2_organization_notification_config,0.00,0.00,0.00,D,true,Generated,securitycenterv2,false,0,0,0,0,1,1,0,0,0
google_scc_v2_organization_scc_big_query_export,0.00,0.00,0.00,D,false,Generated,securitycenterv2,false,0,0,0,0,0,0,0,0,0
google_scc_v2_organization_scc_big_query_exports,0.00,0.00,0.00,D,false,Generated,securitycenterv2,false,0,0,0,0,0,0,0,0,0
google_scc_v2_organization_source,0.00,0.00,0.00,D,false,Generated,securitycenterv2,false,0,0,0,0,0,0,0,0,0
google_scc_v2_organization_source_iam_binding,1.10,0.00,1.10,D,true,Generated,securitycenterv2,true,0,0,1,0,2,2,1,0,0
google_scc_v2_organization_source_iam_member,1.20,0.00,1.20,D,true,Generated,securitycenterv2,true,1,0,0,0,1,1,1,0,0
google_scc_v2_organization_source_iam_policy,1.20,0.00,1.20,D,false,Generated,securitycenterv2,true,1,0,0,0,0,1,0,0,0
google_scc_v2_project_mute_config,2.25,0.00,2.25,C,false,Generated,securitycenterv2,false,0,0,0,1,0,0,1,0,0
google_scc_v2_project_notification_config,2.25,0.00,2.25,C,true,Generated,securitycenterv2,false,0,0,0,1,1,1,1,0,0
google_scc_v2_project_scc_big_query_export,2.25,0.00,2.25,C,false,Generated,securitycenterv2,false,0,0,0,1,0,0,1,0,0
google_secret_manager_regional_secret,12.75,6.00,6.75,A,true,Generated,secretmanagerregional,false,0,0,0,3,10,0,10,0,3
google_secret_manager_regional_secret_iam_binding,1.10,0.00,1.10,D,true,Generated,secretmanagerregional,true,0,0,1,0,2,2,1,0,0
google_secret_manager_regional_secret_iam_member,1.20,0.00,1.20,D,true,Generated,secretmanagerregional,true,1,0,0,0,1,1,1,0,0
google_secret_manager_regional_secret_iam_policy,1.20,0.00,1.20,D,false,Generated,secretmanagerregional,true,1,0,0,0,0,1,0,0,0
google_secret_manager_regional_secret_version,3.20,2.00,1.20,C,false,Generated,secretmanagerregional,false,1,0,0,0,1,1,0,0,1
google_secret_manager_secret,15.00,6.00,9.00,A,true,Generated,secretmanager,false,0,0,0,4,24,4,21,0,3
google_secret_manager_secret_iam_binding,1.10,0.00,1.10,D,true,Generated,secretmanager,true,0,0,1,0,2,2,1,0,0
google_secret_manager_secret_iam_member,1.20,0.00,1.20,D,true,Generated,secretmanager,true,1,0,0,0,1,1,1,0,0
google_secret_manager_secret_iam_policy,1.20,0.00,1.20,D,false,Generated,secretmanager,true,1,0,0,0,0,1,0,0,0
google_secret_manager_secret_version,1.20,0.00,1.20,D,false,Generated,secretmanager,false,1,0,0,0,0,1,0,0,0
google_secure_source_manager_branch_rule,2.25,0.00,2.25,C,false,Generated,securesourcemanager,false,0,0,0,1,0,0,1,0,0
google_secure_source_manager_hook,6.25,4.00,2.25,C,true,Generated,securesourcemanager,false,0,0,0,1,2,0,1,2,0
google_secure_source_manager_instance,10.50,6.00,4.50,B,true,Generated,securesourcemanager,false,0,0,0,2,6,0,5,0,3
google_secure_source_manager_instance_iam_binding,1.10,0.00,1.10,D,true,Generated,securesourcemanager,true,0,0,1,0,2,2,1,0,0
google_secure_source_manager_instance_iam_member,1.20,0.00,1.20,D,true,Generated,securesourcemanager,true,1,0,0,0,1,1,1,0,0
google_secure_source_manager_instance_iam_policy,1.20,0.00,1.20,D,false,Generated,securesourcemanager,true,1,0,0,0,0,1,0,0,0
google_secure_source_manager_repository,5.45,2.00,3.45,C,true,Generated,securesourcemanager,false,1,0,0,1,4,1,4,0,1
google_secure_source_manager_repository_iam_binding,1.10,0.00,1.10,D,true,Generated,securesourcemanager,true,0,0,1,0,2,2,1,0,0
google_secure_source_manager_repository_iam_member,1.20,0.00,1.20,D,true,Generated,securesourcemanager,true,1,0,0,0,1,1,1,0,0
google_secure_source_manager_repository_iam_policy,1.20,0.00,1.20,D,false,Generated,securesourcemanager,true,1,0,0,0,0,1,0,0,0
google_security_scanner_scan_config,2.25,0.00,2.25,A,true,Generated,securityscanner,false,0,0,0,1,9,1,9,0,0
google_securityposture_posture,2.25,0.00,2.25,A,true,Generated,securityposture,false,0,0,0,1,149,52,98,0,0
google_securityposture_posture_deployment,0.00,0.00,0.00,D,false,Generated,securityposture,false,0,0,0,0,0,0,0,0,0
google_service_account,4.50,0.00,4.50,C,false,Handwritten,resourcemanager,false,0,0,0,2,0,0,2,0,0
google_service_account_iam_binding,1.10,0.00,1.10,D,true,HandwrittenIAM,resourcemanager,true,0,0,1,0,2,2,1,0,0
google_service_account_iam_member,1.20,0.00,1.20,D,true,HandwrittenIAM,resourcemanager,true,1,0,0,0,1,1,1,0,0
google_service_account_iam_policy,1.20,0.00,1.20,D,false,HandwrittenIAM,resourcemanager,true,1,0,0,0,0,1,0,0,0
google_service_account_key,0.00,0.00,0.00,D,false,Handwritten,resourcemanager,false,0,0,0,0,0,0,0,0,0
google_service_directory_endpoint,0.00,0.00,0.00,D,true,Generated,servicedirectory,false,0,0,0,0,1,0,1,0,0
google_service_directory_namespace,8.50,4.00,4.50,B,true,Generated,servicedirectory,false,0,0,0,2,3,0,3,0,2
google_service_directory_namespace_iam_binding,1.10,0.00,1.10,D,true,Generated,servicedirectory,true,0,0,1,0,2,2,1,0,0
google_service_directory_namespace_iam_member,1.20,0.00,1.20,D,true,Generated,servicedirectory,true,1,0,0,0,1,1,1,0,0
google_service_directory_namespace_iam_policy,1.20,0.00,1.20,D,false,Generated,servicedirectory,true,1,0,0,0,0,1,0,0,0
google_service_directory_service,0.00,0.00,0.00,D,true,Generated,servicedirectory,false,0,0,0,0,1,0,1,0,0
google_service_directory_service_iam_binding,1.10,0.00,1.10,D,true,Generated,servicedirectory,true,0,0,1,0,2,2,1,0,0
google_service_directory_service_iam_member,1.20,0.00,1.20,D,true,Generated,servicedirectory,true,1,0,0,0,1,1,1,0,0
google_service_directory_service_iam_policy,1.20,0.00,1.20,D,false,Generated,servicedirectory,true,1,0,0,0,0,1,0,0,0
google_service_networking_connection,1.20,0.00,1.20,D,true,Handwritten,servicenetworking,false,1,0,0,0,1,2,0,0,0
google_service_networking_peered_dns_domain,2.25,0.00,2.25,C,false,Handwritten,servicenetworking,false,0,0,0,1,0,0,1,0,0
google_service_networking_vpc_service_controls,0.00,0.00,0.00,D,false,Generated,servicenetworking,false,0,0,0,0,0,0,0,0,0
google_service_usage_consumer_quota_override,2.25,0.00,2.25,C,true,Generated,serviceusage,false,0,0,0,1,1,0,2,0,0
google_site_verification_owner,1.20,0.00,1.20,D,false,Handwritten,siteverification,false,1,0,0,0,0,1,0,0,0
google_site_verification_web_resource,2.00,2.00,0.00,D,true,Generated,siteverification,false,0,0,0,0,2,1,0,0,1
google_sourcerepo_repository,3.25,0.00,3.25,C,true,Generated,sourcerepo,false,0,0,1,1,1,0,3,0,0
google_sourcerepo_repository_iam_binding,1.10,0.00,1.10,D,true,Generated,sourcerepo,true,0,0,1,0,2,2,1,0,0
google_sourcerepo_repository_iam_member,1.20,0.00,1.20,D,true,Generated,sourcerepo,true,1,0,0,0,1,1,1,0,0
google_sourcerepo_repository_iam_policy,1.20,0.00,1.20,D,false,Generated,sourcerepo,true,1,0,0,0,0,1,0,0,0
google_spanner_backup_schedule,6.65,2.00,4.65,A,true,Generated,spanner,false,2,0,0,1,8,2,8,1,0
google_spanner_database,5.70,0.00,5.70,C,true,Generated,spanner,false,1,0,0,2,4,1,6,0,0
google_spanner_database_iam_binding,1.10,0.00,1.10,D,true,HandwrittenIAM,spanner,true,0,0,1,0,2,2,1,0,0
google_spanner_database_iam_member,1.20,0.00,1.20,D,true,HandwrittenIAM,spanner,true,1,0,0,0,1,1,1,0,0
google_spanner_database_iam_policy,1.20,0.00,1.20,D,false,HandwrittenIAM,spanner,true,1,0,0,0,0,1,0,0,0
google_spanner_instance,9.70,4.00,5.70,A,true,Generated,spanner,false,1,0,0,2,20,11,10,0,2
google_spanner_instance_config,9.60,4.00,5.60,B,true,Generated,spanner,false,0,0,1,2,4,2,3,0,2
google_spanner_instance_iam_binding,1.10,0.00,1.10,D,true,HandwrittenIAM,spanner,true,0,0,1,0,2,2,1,0,0
google_spanner_instance_iam_member,1.20,0.00,1.20,D,true,HandwrittenIAM,spanner,true,1,0,0,0,1,1,1,0,0
google_spanner_instance_iam_policy,1.20,0.00,1.20,D,false,HandwrittenIAM,spanner,true,1,0,0,0,0,1,0,0,0
google_spanner_instance_partition,4.65,0.00,4.65,C,false,Generated,spanner,false,2,0,0,1,0,2,1,0,0
google_sql_database,3.35,0.00,3.35,C,false,Generated,sql,false,1,0,0,1,0,0,1,1,0
google_sql_database_instance,102.50,54.00,48.50,A,true,Handwritten,sql,false,15,0,15,8,71,1,78,26,4
google_sql_source_representation_instance,2.25,0.00,2.25,C,false,Generated,sql,false,0,0,0,1,0,0,1,0,0
google_sql_ssl_cert,2.25,0.00,2.25,C,false,Handwritten,sql,false,0,0,0,1,0,0,1,0,0
google_sql_user,14.45,10.00,4.45,B,true,Handwritten,sql,false,1,1,0,1,6,1,3,0,5
google_storage_anywhere_cache,1.20,0.00,1.20,D,false,Generated,storage,false,1,0,0,0,0,1,0,0,0
google_storage_batch_operations_job,2.25,0.00,2.25,A,true,Generated,storagebatchoperations,false,0,0,0,1,19,2,18,0,0
google_storage_bucket,27.10,10.00,17.10,A,true,Handwritten,storage,false,8,0,4,2,46,17,38,3,2
google_storage_bucket_access_control,1.20,0.00,1.20,D,false,Generated,storage,false,1,0,0,0,0,1,0,0,0
google_storage_bucket_acl,4.25,2.00,2.25,C,true,Handwritten,storage,false,0,0,0,1,1,0,1,1,0
google_storage_bucket_iam_binding,1.10,0.00,1.10,D,true,HandwrittenIAM,storage,true,0,0,1,0,2,2,1,0,0
google_storage_bucket_iam_member,1.20,0.00,1.20,D,true,HandwrittenIAM,storage,true,1,0,0,0,1,1,1,0,0
google_storage_bucket_iam_policy,1.20,0.00,1.20,D,false,HandwrittenIAM,storage,true,1,0,0,0,0,1,0,0,0
google_storage_bucket_object,4.35,0.00,4.35,C,true,Handwritten,storage,false,2,0,0,1,3,0,5,1,0
google_storage_control_folder_intelligence_config,13.00,4.00,9.00,A,true,Generated,storagecontrol,false,9,0,0,0,23,12,18,0,2
google_storage_control_organization_intelligence_config,13.00,4.00,9.00,A,true,Generated,storagecontrol,false,9,0,0,0,23,12,18,0,2
google_storage_control_project_intelligence_config,13.00,4.00,9.00,A,true,Generated,storagecontrol,false,9,0,0,0,23,12,18,0,2
google_storage_default_object_access_control,3.20,2.00,1.20,C,false,Generated,storage,false,1,0,0,0,1,1,0,0,1
google_storage_default_object_acl,2.00,2.00,0.00,D,true,Handwritten,storage,false,0,0,0,0,1,0,0,1,0
google_storage_folder,0.00,0.00,0.00,D,false,Generated,storage,false,0,0,0,0,0,0,0,0,0
google_storage_hmac_key,2.25,0.00,2.25,C,false,Generated,storage,false,0,0,0,1,0,0,1,0,0
google_storage_insights_dataset_config,4.25,2.00,2.25,A,true,Generated,storageinsights,false,0,0,0,1,20,9,11,0,1
google_storage_insights_report_config,2.25,0.00,2.25,A,true,Generated,storageinsights,false,0,0,0,1,14,8,7,0,0
google_storage_managed_folder,1.20,0.00,1.20,D,false,Generated,storage,false,1,0,0,0,0,1,0,0,0
google_storage_managed_folder_iam_binding,1.10,0.00,1.10,D,true,HandwrittenIAM,storage,true,0,0,1,0,2,2,1,0,0
google_storage_managed_folder_iam_member,1.20,0.00,1.20,D,true,HandwrittenIAM,storage,true,1,0,0,0,1,1,1,0,0
google_storage_managed_folder_iam_policy,1.20,0.00,1.20,D,false,HandwrittenIAM,storage,true,1,0,0,0,0,1,0,0,0
google_storage_object_access_control,3.20,2.00,1.20,C,false,Generated,storage,false,1,0,0,0,1,1,0,0,1
google_storage_object_acl,4.25,2.00,2.25,C,true,Handwritten,storage,false,0,0,0,1,1,0,1,1,0
google_storage_transfer_agent_pool,2.25,0.00,2.25,C,true,Generated,storagetransfer,false,0,0,0,1,1,0,2,0,0
google_storage_transfer_job,5.25,0.00,5.25,A,true,Handwritten,storagetransfer,false,3,0,0,1,80,2,82,0,0
google_tags_location_tag_binding,1.20,0.00,1.20,D,false,Handwritten,tags,false,1,0,0,0,0,1,0,0,0
google_tags_tag_binding,0.00,0.00,0.00,D,false,Generated,tags,false,0,0,0,0,0,0,0,0,0
google_tags_tag_key,1.20,0.00,1.20,D,true,Generated,tags,false,1,0,0,0,1,1,1,0,0
google_tags_tag_key_iam_binding,1.10,0.00,1.10,D,true,Generated,tags,true,0,0,1,0,2,2,1,0,0
google_tags_tag_key_iam_member,1.20,0.00,1.20,D,true,Generated,tags,true,1,0,0,0,1,1,1,0,0
google_tags_tag_key_iam_policy,1.20,0.00,1.20,D,false,Generated,tags,true,1,0,0,0,0,1,0,0,0
google_tags_tag_value,0.00,0.00,0.00,D,false,Generated,tags,false,0,0,0,0,0,0,0,0,0
google_tags_tag_value_iam_binding,1.10,0.00,1.10,D,true,Generated,tags,true,0,0,1,0,2,2,1,0,0
google_tags_tag_value_iam_member,1.20,0.00,1.20,D,true,Generated,tags,true,1,0,0,0,1,1,1,0,0
google_tags_tag_value_iam_policy,1.20,0.00,1.20,D,false,Generated,tags,true,1,0,0,0,0,1,0,0,0
google_tpu_v2_queued_resource,13.85,8.00,5.85,A,true,Generated,tpuv2,false,3,0,0,1,10,6,4,4,0
google_tpu_v2_vm,30.95,22.00,8.95,A,true,Generated,tpuv2,false,2,0,0,3,18,0,10,7,6
google_transcoder_job,150.50,146.00,4.50,A,true,Generated,transcoder,false,0,0,0,2,106,0,35,71,2
google_transcoder_job_template,150.50,146.00,4.50,A,true,Generated,transcoder,false,0,0,0,2,106,0,35,71,2
google_vertex_ai_cache_config,2.25,0.00,2.25,C,false,Generated,vertexai,false,0,0,0,1,0,0,1,0,0
google_vertex_ai_dataset,8.50,4.00,4.50,B,true,Generated,vertexai,false,0,0,0,2,4,0,4,0,2
google_vertex_ai_deployment_resource_pool,2.25,0.00,2.25,A,true,Generated,vertexai,false,0,0,0,1,5,2,4,0,0
google_vertex_ai_endpoint,35.60,30.00,5.60,A,true,Generated,vertexai,false,1,0,0,2,25,0,12,1,15
google_vertex_ai_endpoint_iam_binding,1.10,0.00,1.10,D,true,Generated,vertexai,true,0,0,1,0,2,2,1,0,0
google_vertex_ai_endpoint_iam_member,1.20,0.00,1.20,D,true,Generated,vertexai,true,1,0,0,0,1,1,1,0,0
google_vertex_ai_endpoint_iam_policy,1.20,0.00,1.20,D,false,Generated,vertexai,true,1,0,0,0,0,1,0,0,0
google_vertex_ai_endpoint_with_model_garden_deployment,2.25,0.00,2.25,A,true,Generated,vertexai,false,0,0,0,1,134,3,132,0,0
google_vertex_ai_feature_group,8.50,4.00,4.50,A,true,Generated,vertexai,false,0,0,0,2,8,2,6,0,2
google_vertex_ai_feature_group_feature,8.50,4.00,4.50,B,true,Generated,vertexai,false,0,0,0,2,3,0,3,0,2
google_vertex_ai_feature_group_iam_binding,1.10,0.00,1.10,D,true,Generated,vertexai,true,0,0,1,0,2,2,1,0,0
google_vertex_ai_feature_group_iam_member,1.20,0.00,1.20,D,true,Generated,vertexai,true,1,0,0,0,1,1,1,0,0
google_vertex_ai_feature_group_iam_policy,1.20,0.00,1.20,D,false,Generated,vertexai,true,1,0,0,0,0,1,0,0,0
google_vertex_ai_feature_online_store,12.50,8.00,4.50,A,true,Generated,vertexai,false,0,0,0,2,14,2,10,2,2
google_vertex_ai_feature_online_store_featureview,8.50,4.00,4.50,A,true,Generated,vertexai,false,0,0,0,2,20,7,13,0,2
google_vertex_ai_feature_online_store_featureview_iam_binding,1.10,0.00,1.10,D,true,Generated,vertexai,true,0,0,1,0,2,2,1,0,0
google_vertex_ai_feature_online_store_featureview_iam_member,1.20,0.00,1.20,D,true,Generated,vertexai,true,1,0,0,0,1,1,1,0,0
google_vertex_ai_feature_online_store_featureview_iam_policy,1.20,0.00,1.20,D,false,Generated,vertexai,true,1,0,0,0,0,1,0,0,0
google_vertex_ai_feature_online_store_iam_binding,1.10,0.00,1.10,D,true,Generated,vertexai,true,0,0,1,0,2,2,1,0,0
google_vertex_ai_feature_online_store_iam_member,1.20,0.00,1.20,D,true,Generated,vertexai,true,1,0,0,0,1,1,1,0,0
google_vertex_ai_feature_online_store_iam_policy,1.20,0.00,1.20,D,false,Generated,vertexai,true,1,0,0,0,0,1,0,0,0
google_vertex_ai_featurestore,8.50,4.00,4.50,A,true,Generated,vertexai,false,0,0,0,2,7,0,7,0,2
google_vertex_ai_featurestore_entitytype,6.25,4.00,2.25,A,true,Generated,vertexai,false,0,0,0,1,12,0,11,0,2
google_vertex_ai_featurestore_entitytype_feature,6.25,4.00,2.25,C,true,Generated,vertexai,false,0,0,0,1,3,0,2,0,2
google_vertex_ai_featurestore_entitytype_iam_binding,1.10,0.00,1.10,D,true,Generated,vertexai,true,0,0,1,0,2,2,1,0,0
google_vertex_ai_featurestore_entitytype_iam_member,1.20,0.00,1.20,D,true,Generated,vertexai,true,1,0,0,0,1,1,1,0,0
google_vertex_ai_featurestore_entitytype_iam_policy,1.20,0.00,1.20,D,false,Generated,vertexai,true,1,0,0,0,0,1,0,0,0
google_vertex_ai_featurestore_iam_binding,1.10,0.00,1.10,D,true,Generated,vertexai,true,0,0,1,0,2,2,1,0,0
google_vertex_ai_featurestore_iam_member,1.20,0.00,1.20,D,true,Generated,vertexai,true,1,0,0,0,1,1,1,0,0
google_vertex_ai_featurestore_iam_policy,1.20,0.00,1.20,D,false,Generated,vertexai,true,1,0,0,0,0,1,0,0,0
google_vertex_ai_index,12.50,8.00,4.50,A,true,Generated,vertexai,false,0,0,0,2,20,3,15,0,4
google_vertex_ai_index_endpoint,10.50,6.00,4.50,A,true,Generated,vertexai,false,0,0,0,2,7,0,6,1,2
google_vertex_ai_index_endpoint_deployed_index,10.40,8.00,2.40,A,true,Generated,vertexai,false,2,0,0,0,17,4,11,1,3
google_vertex_ai_metadata_store,4.25,2.00,2.25,C,true,Generated,vertexai,false,0,0,0,1,2,0,2,0,1
google_vertex_ai_rag_engine_config,2.25,0.00,2.25,A,true,Generated,vertexai,false,0,0,0,1,7,1,7,0,0
google_vertex_ai_reasoning_engine,4.25,0.00,4.25,A,true,Generated,vertexai,false,2,0,0,1,16,4,15,0,0
google_vertex_ai_tensorboard,8.50,4.00,4.50,B,true,Generated,vertexai,false,0,0,0,2,4,0,4,0,2
google_vmwareengine_cluster,0.00,0.00,0.00,A,true,Generated,vmwareengine,false,0,0,0,0,13,2,11,0,0
google_vmwareengine_external_access_rule,0.00,0.00,0.00,D,true,Generated,vmwareengine,false,0,0,0,0,4,4,0,0,0
google_vmwareengine_external_address,0.00,0.00,0.00,D,false,Generated,vmwareengine,false,0,0,0,0,0,0,0,0,0
google_vmwareengine_network,4.25,2.00,2.25,C,false,Generated,vmwareengine,false,0,0,0,1,1,0,1,0,1
google_vmwareengine_network_peering,2.25,0.00,2.25,C,false,Generated,vmwareengine,false,0,0,0,1,0,0,1,0,0
google_vmwareengine_network_policy,6.25,4.00,2.25,C,true,Generated,vmwareengine,false,0,0,0,1,2,0,1,2,0
google_vmwareengine_private_cloud,9.25,6.00,3.25,A,true,Generated,vmwareengine,false,1,0,0,1,26,5,20,0,3
google_vmwareengine_subnet,2.00,2.00,0.00,D,false,Generated,vmwareengine,false,0,0,0,0,1,0,0,0,1
google_vpc_access_connector,9.85,2.00,7.85,B,true,Generated,vpcaccess,false,1,0,0,3,2,0,4,1,1
google_workbench_instance,85.95,58.00,27.95,A,true,Generated,workbench,false,20,0,0,3,40,0,22,34,7
google_workbench_instance_iam_binding,1.10,0.00,1.10,D,true,Generated,workbench,true,0,0,1,0,2,2,1,0,0
google_workbench_instance_iam_member,1.20,0.00,1.20,D,true,Generated,workbench,true,1,0,0,0,1,1,1,0,0
google_workbench_instance_iam_policy,1.20,0.00,1.20,D,false,Generated,workbench,true,1,0,0,0,0,1,0,0,0
google_workflows_workflow,9.60,4.00,5.60,B,true,Generated,workflows,false,1,0,0,2,5,0,5,1,2
google_workstations_workstation,12.75,6.00,6.75,B,true,Generated,workstations,false,0,0,0,3,6,0,6,0,3
google_workstations_workstation_cluster,22.75,16.00,6.75,A,true,Generated,workstations,false,0,0,0,3,13,0,8,2,6
google_workstations_workstation_config,60.75,54.00,6.75,A,true,Generated,workstations,false,0,0,0,3,53,0,29,21,6
google_workstations_workstation_config_iam_binding,1.10,0.00,1.10,D,true,Generated,workstations,true,0,0,1,0,2,2,1,0,0
google_workstations_workstation_config_iam_member,1.20,0.00,1.20,D,true,Generated,workstations,true,1,0,0,0,1,1,1,0,0
google_workstations_workstation_config_iam_policy,1.20,0.00,1.20,D,false,Generated,workstations,true,1,0,0,0,0,1,0,0,0
google_workstations_workstation_iam_binding,1.10,0.00,1.10,D,true,Generated,workstations,true,0,0,1,0,2,2,1,0,0
google_workstations_workstation_iam_member,1.20,0.00,1.20,D,true,Generated,workstations,true,1,0,0,0,1,1,1,0,0
google_workstations_workstation_iam_policy,1.20,0.00,1.20,D,false,Generated,workstations,true,1,0,0,0,0,1,0,0,0
